cik,company,ticker,exchange,sic,industry,hq_country,segment,naics
0001370946,Owens Corning,OC,NYSE,3290,"Abrasive, Asbestos & Misc Nonmetallic Mineral Prods",USA,public,
0001687277,"ReTo Eco-Solutions, Inc.",RETO,Nasdaq,3290,"Abrasive, Asbestos & Misc Nonmetallic Mineral Prods",USA,public,
0001624794,"CSW INDUSTRIALS, INC.",CSW,NYSE,2891,Adhesives & Sealants,USA,public,
0000039368,FULLER H B CO,FUL,NYSE,2891,Adhesives & Sealants,USA,public,
0000005981,AMERICAN VANGUARD CORP,AVD,NYSE,2870,Agricultural Chemicals,USA,public,
0001769484,Bioceres Crop Solutions Corp.,BIOX,Nasdaq,2870,Agricultural Chemicals,USA,public,
0001324404,"CF Industries Holdings, Inc.",CF,NYSE,2870,Agricultural Chemicals,USA,public,
0001425292,"CVR PARTNERS, LP",UAN,NYSE,2870,Agricultural Chemicals,USA,public,
0001705843,"Cibus, Inc.",CBUS,Nasdaq,2870,Agricultural Chemicals,USA,public,
0001574565,Evogene Ltd.,EVGN,Nasdaq,2870,Agricultural Chemicals,USA,public,
0002092967,Fort Technology Inc,FRTT,Nasdaq,2870,Agricultural Chemicals,USA,public,
0000941221,ICL Group Ltd.,ICL,NYSE,2870,Agricultural Chemicals,USA,public,
0001285785,MOSAIC CO,MOS,NYSE,2870,Agricultural Chemicals,,public,
0001725964,Nutrien Ltd.,NTR,NYSE,2870,Agricultural Chemicals,USA,public,
0000825542,SCOTTS MIRACLE-GRO CO,SMG,NYSE,2870,Agricultural Chemicals,USA,public,
0001680378,"SenesTech, Inc.",SNES,Nasdaq,2870,Agricultural Chemicals,USA,public,
0002096300,AEVEX Corp.,AVEX,NYSE,3721,Aircraft,USA,public,
0001927958,"AIRO Group Holdings, Inc.",AIRO,Nasdaq,3721,Aircraft,USA,public,
0001368622,AeroVironment Inc,AVAV,Nasdaq,3721,Aircraft,USA,public,
0000008504,AgEagle Aerial Systems Inc.,UAVS,NYSE,3721,Aircraft,USA,public,
0001824502,Archer Aviation Inc.,ACHR,NYSE,3721,Aircraft,,public,
0001824502,Archer Aviation Inc.,ACHR-WT,NYSE,3721,Aircraft,,public,
0001784570,"BETA Technologies, Inc.",BETA,NYSE,3721,Aircraft,USA,public,
0000012927,BOEING CO,BA,NYSE,3721,Aircraft,USA,public,
0000012927,BOEING CO,BA-PA,NYSE,3721,Aircraft,USA,public,
0001638911,DUKE Robotics Corp.,DUKR,Nasdaq,3721,Aircraft,USA,public,
0001638911,DUKE Robotics Corp.,DUKRW,Nasdaq,3721,Aircraft,USA,public,
0001786286,Draganfly Inc.,DPRO,Nasdaq,3721,Aircraft,USA,public,
0001355444,EMBRAER S.A.,EMBJ,NYSE,3721,Aircraft,,public,
0001823652,"Eve Holding, Inc.",EVEX,NYSE,3721,Aircraft,,public,
0001823652,"Eve Holding, Inc.",EVEX-WT,NYSE,3721,Aircraft,,public,
0001819848,"Joby Aviation, Inc.",JOBY,NYSE,3721,Aircraft,USA,public,
0001819848,"Joby Aviation, Inc.",JOBY-WT,NYSE,3721,Aircraft,USA,public,
0001898643,Mobilicom Ltd,MOB,Nasdaq,3721,Aircraft,USA,public,
0001898643,Mobilicom Ltd,MOBBW,Nasdaq,3721,Aircraft,USA,public,
0001930021,New Horizon Aircraft Ltd.,HOVR,Nasdaq,3721,Aircraft,USA,public,
0001930021,New Horizon Aircraft Ltd.,HOVRW,Nasdaq,3721,Aircraft,USA,public,
0001867102,Vertical Aerospace Ltd.,EVTL,NYSE,3721,Aircraft,USA,public,
0000001750,AAR CORP,AIR,NYSE,3720,Aircraft & Parts,USA,public,
0000217346,TEXTRON INC,TXT,NYSE,3720,Aircraft & Parts,USA,public,
0000046619,HEICO CORP,HEI,NYSE,3724,Aircraft Engines & Engine Parts,USA,public,
0000046619,HEICO CORP,HEI-A,NYSE,3724,Aircraft Engines & Engine Parts,USA,public,
0000773840,HONEYWELL INTERNATIONAL INC,HON,Nasdaq,3724,Aircraft Engines & Engine Parts,USA,public,
0000773840,HONEYWELL INTERNATIONAL INC,HONIV,Nasdaq,3724,Aircraft Engines & Engine Parts,USA,public,
0002089271,Honeywell Aerospace Inc.,HONAV,Nasdaq,3724,Aircraft Engines & Engine Parts,USA,public,
0000101829,RTX Corp,RTX,NYSE,3724,Aircraft Engines & Engine Parts,USA,public,
0000090168,SIFCO INDUSTRIES INC,SIF,NYSE,3724,Aircraft Engines & Engine Parts,USA,public,
0002025410,"StandardAero, Inc.",SARO,NYSE,3724,Aircraft Engines & Engine Parts,USA,public,
0000808439,TAT TECHNOLOGIES LTD,TATT,Nasdaq,3724,Aircraft Engines & Engine Parts,,public,
0001009891,AIR INDUSTRIES GROUP,AIRI,NYSE,3728,"Aircraft Parts & Auxiliary Equipment, NEC",USA,public,
0000008063,ASTRONICS CORP,ATRO,Nasdaq,3728,"Aircraft Parts & Auxiliary Equipment, NEC",USA,public,
0002118195,"Applied Aerospace & Defense, Inc.",AADX,NYSE,3728,"Aircraft Parts & Auxiliary Equipment, NEC",USA,public,
0002093536,"Arxis, Inc.",ARXS,Nasdaq,3728,"Aircraft Parts & Auxiliary Equipment, NEC",USA,public,
0000889348,CPI AEROSTRUCTURES INC,CVU,NYSE,3728,"Aircraft Parts & Auxiliary Equipment, NEC",USA,public,
0000030305,DUCOMMUN INC /DE/,DCO,NYSE,3728,"Aircraft Parts & Auxiliary Equipment, NEC",USA,public,
0001759783,EHang Holdings Ltd,EH,Nasdaq,3728,"Aircraft Parts & Auxiliary Equipment, NEC",USA,public,
0001027664,ELBIT SYSTEMS LTD,ESLT,Nasdaq,3728,"Aircraft Parts & Auxiliary Equipment, NEC",USA,public,
0002028935,FACT II Acquisition Corp.,FACT,Nasdaq,3728,"Aircraft Parts & Auxiliary Equipment, NEC",USA,public,
0002028935,FACT II Acquisition Corp.,FACTU,Nasdaq,3728,"Aircraft Parts & Auxiliary Equipment, NEC",USA,public,
0002028935,FACT II Acquisition Corp.,FACTW,Nasdaq,3728,"Aircraft Parts & Auxiliary Equipment, NEC",USA,public,
0002040127,Karman Holdings Inc.,KRMN,NYSE,3728,"Aircraft Parts & Auxiliary Equipment, NEC",USA,public,
0002000178,Loar Holdings Inc.,LOAR,NYSE,3728,"Aircraft Parts & Auxiliary Equipment, NEC",USA,public,
0000076267,PARK AEROSPACE CORP,PKE,NYSE,3728,"Aircraft Parts & Auxiliary Equipment, NEC",USA,public,
0001916241,ParaZero Technologies Ltd.,PRZO,Nasdaq,3728,"Aircraft Parts & Auxiliary Equipment, NEC",USA,public,
0001260221,TransDigm Group INC,TDG,NYSE,3728,"Aircraft Parts & Auxiliary Equipment, NEC",USA,public,
0001988894,"Amer Sports, Inc.",AS,NYSE,2300,Apparel & Other Finishd Prods of  Fabrics & Similar Matl,USA,public,
0002000230,BrilliA Inc,BRIA,NYSE,2300,Apparel & Other Finishd Prods of  Fabrics & Similar Matl,,public,
0001060822,CARTERS INC,CRI,NYSE,2300,Apparel & Other Finishd Prods of  Fabrics & Similar Matl,USA,public,
0001050797,COLUMBIA SPORTSWEAR CO,COLM,Nasdaq,2300,Apparel & Other Finishd Prods of  Fabrics & Similar Matl,USA,public,
0001690511,Canada Goose Holdings Inc.,GOOS,NYSE,2300,Apparel & Other Finishd Prods of  Fabrics & Similar Matl,USA,public,
0001877787,Ermenegildo Zegna N.V.,ZGN,NYSE,2300,Apparel & Other Finishd Prods of  Fabrics & Similar Matl,USA,public,
0001846576,"FIGS, Inc.",FIGS,NYSE,2300,Apparel & Other Finishd Prods of  Fabrics & Similar Matl,USA,public,
0000821002,G III APPAREL GROUP LTD /DE/,GIII,Nasdaq,2300,Apparel & Other Finishd Prods of  Fabrics & Similar Matl,USA,public,
0001061894,Gildan Activewear Inc.,GIL,NYSE,2300,Apparel & Other Finishd Prods of  Fabrics & Similar Matl,USA,public,
0001696558,"Jerash Holdings (US), Inc.",JRSH,Nasdaq,2300,Apparel & Other Finishd Prods of  Fabrics & Similar Matl,USA,public,
0000094845,LEVI STRAUSS & CO,LEVI,NYSE,2300,Apparel & Other Finishd Prods of  Fabrics & Similar Matl,USA,public,
0001922097,Lanvin Group Holdings Ltd,LANV,NYSE,2300,Apparel & Other Finishd Prods of  Fabrics & Similar Matl,USA,public,
0001922097,Lanvin Group Holdings Ltd,LANV-WT,NYSE,2300,Apparel & Other Finishd Prods of  Fabrics & Similar Matl,USA,public,
0001916331,Neo-Concept International Group Holdings Ltd,NCI,Nasdaq,2300,Apparel & Other Finishd Prods of  Fabrics & Similar Matl,USA,public,
0001849221,Perfect Moment Ltd.,PMNT,NYSE,2300,Apparel & Other Finishd Prods of  Fabrics & Similar Matl,USA,public,
0001897532,"Ping An Biomedical Co., Ltd.",PASW,Nasdaq,2300,Apparel & Other Finishd Prods of  Fabrics & Similar Matl,USA,public,
0000095574,"SUPERIOR GROUP OF COMPANIES, INC.",SGC,Nasdaq,2300,Apparel & Other Finishd Prods of  Fabrics & Similar Matl,USA,public,
0001653909,"Smartbird, Inc.",BIRD,Nasdaq,2300,Apparel & Other Finishd Prods of  Fabrics & Similar Matl,USA,public,
0001336917,"Under Armour, Inc.",UAA,NYSE,2300,Apparel & Other Finishd Prods of  Fabrics & Similar Matl,USA,public,
0001336917,"Under Armour, Inc.",UA,NYSE,2300,Apparel & Other Finishd Prods of  Fabrics & Similar Matl,USA,public,
0001397187,lululemon athletica inc.,LULU,Nasdaq,2300,Apparel & Other Finishd Prods of  Fabrics & Similar Matl,USA,public,
0001851491,AMASS BRANDS,AMSS,Nasdaq,2080,Beverages,USA,public,
0001565025,AMBEV S.A.,ABEV,NYSE,2080,Beverages,USA,public,
0001891101,BRC Inc.,BRCC,NYSE,2080,Beverages,USA,public,
0000014693,BROWN FORMAN CORP,BF-A,NYSE,2080,Beverages,USA,public,
0000014693,BROWN FORMAN CORP,BF-B,NYSE,2080,Beverages,USA,public,
0002079720,"BUDA JUICE, INC.",BUDA,NYSE,2080,Beverages,USA,public,
0000021344,COCA COLA CO,KO,NYSE,2080,Beverages,USA,public,
0000016918,"CONSTELLATION BRANDS, INC.",STZ,NYSE,2080,Beverages,USA,public,
0000835403,DIAGEO PLC,DEO,NYSE,2080,Beverages,USA,public,
0001788230,"IP STRATEGY HOLDINGS, INC.",IPST,Nasdaq,2080,Beverages,USA,public,
0001924482,Innovation Beverage Group Ltd,IBG,Nasdaq,2080,Beverages,USA,public,
0001418135,Keurig Dr Pepper Inc.,KDP,Nasdaq,2080,Beverages,USA,public,
0001843165,LQR House Inc.,YHC,Nasdaq,2080,Beverages,USA,public,
0000077476,PEPSICO INC,PEP,Nasdaq,2080,Beverages,USA,public,
0002042694,Primo Brands Corp,PRMB,NYSE,2080,Beverages,USA,public,
0001553788,"SPLASH BEVERAGE GROUP, INC.",SBEV,NYSE,2080,Beverages,USA,public,
0001471727,"SRx Health Solutions, Inc.",SRXH,NYSE,2080,Beverages,USA,public,
0001934114,"SUJA LIFE, INC.",SUJA,Nasdaq,2080,Beverages,,public,
0001482981,"Vita Coco Company, Inc.",COCO,Nasdaq,2080,Beverages,USA,public,
0000838875,WILLAMETTE VALLEY VINEYARDS INC,WVVI,Nasdaq,2080,Beverages,USA,public,
0000838875,WILLAMETTE VALLEY VINEYARDS INC,WVVIP,Nasdaq,2080,Beverages,USA,public,
0001806347,Westrock Coffee Co,WEST,Nasdaq,2080,Beverages,USA,public,
0001650648,"4D Molecular Therapeutics, Inc.",FDMT,Nasdaq,2836,"Biological Products, (No Diagnostic Substances)",USA,public,
0001368514,"ADMA BIOLOGICS, INC.",ADMA,Nasdaq,2836,"Biological Products, (No Diagnostic Substances)",USA,public,
0001098972,AGENUS INC,AGEN,Nasdaq,2836,"Biological Products, (No Diagnostic Substances)",USA,public,
0000946644,AIM ImmunoTech Inc.,AIM,NYSE,2836,"Biological Products, (No Diagnostic Substances)",USA,public,
0000318154,AMGEN INC,AMGN,Nasdaq,2836,"Biological Products, (No Diagnostic Substances)",USA,public,
0001314052,ANAVEX LIFE SCIENCES CORP.,AVXL,Nasdaq,2836,"Biological Products, (No Diagnostic Substances)",,public,
0001697862,ARGENX SE,ARGX,Nasdaq,2836,"Biological Products, (No Diagnostic Substances)",USA,public,
0001576885,"Acumen Pharmaceuticals, Inc.",ABOS,Nasdaq,2836,"Biological Products, (No Diagnostic Substances)",USA,public,
0001478320,Adaptive Biotechnologies Corp,ADPT,Nasdaq,2836,"Biological Products, (No Diagnostic Substances)",USA,public,
0002020932,Agomab Therapeutics NV,AGMB,Nasdaq,2836,"Biological Products, (No Diagnostic Substances)",USA,public,
0001653087,"Alector, Inc.",ALEC,Nasdaq,2836,"Biological Products, (No Diagnostic Substances)",,public,
0001799448,"Aligos Therapeutics, Inc.",ALGS,Nasdaq,2836,"Biological Products, (No Diagnostic Substances)",USA,public,
0001737287,"Allogene Therapeutics, Inc.",ALLO,Nasdaq,2836,"Biological Products, (No Diagnostic Substances)",,public,
0001655923,Alpha Cognition Inc.,ACOG,Nasdaq,2836,"Biological Products, (No Diagnostic Substances)",USA,public,
0001898416,Alvotech,ALVO,Nasdaq,2836,"Biological Products, (No Diagnostic Substances)",USA,public,
0001898416,Alvotech,ALVOW,Nasdaq,2836,"Biological Products, (No Diagnostic Substances)",USA,public,
0001974640,"Apogee Therapeutics, Inc.",APGE,Nasdaq,2836,"Biological Products, (No Diagnostic Substances)",,public,
0000921114,"Armata Pharmaceuticals, Inc.",ARMP,NYSE,2836,"Biological Products, (No Diagnostic Substances)",USA,public,
0001817241,"Artiva Biotherapeutics, Inc.",ARTV,Nasdaq,2836,"Biological Products, (No Diagnostic Substances)",USA,public,
0001604464,"Atara Biotherapeutics, Inc.",ATRA,Nasdaq,2836,"Biological Products, (No Diagnostic Substances)",USA,public,
0001501796,"Aura Biosciences, Inc.",AURA,Nasdaq,2836,"Biological Products, (No Diagnostic Substances)",USA,public,
0001730463,Autolus Therapeutics plc,AUTL,Nasdaq,2836,"Biological Products, (No Diagnostic Substances)",USA,public,
0000842023,BIO-TECHNE Corp,TECH,Nasdaq,2836,"Biological Products, (No Diagnostic Substances)",USA,public,
0000882796,BIOCRYST PHARMACEUTICALS INC,BCRX,Nasdaq,2836,"Biological Products, (No Diagnostic Substances)",USA,public,
0000875045,BIOGEN INC.,BIIB,Nasdaq,2836,"Biological Products, (No Diagnostic Substances)",USA,public,
0001745999,Beam Therapeutics Inc.,BEAM,Nasdaq,2836,"Biological Products, (No Diagnostic Substances)",USA,public,
0001826892,"BioAtla, Inc.",BCAB,Nasdaq,2836,"Biological Products, (No Diagnostic Substances)",USA,public,
0000925741,"BioCardia, Inc.",BCDA,Nasdaq,2836,"Biological Products, (No Diagnostic Substances)",USA,public,
0001776985,BioNTech SE,BNTX,Nasdaq,2836,"Biological Products, (No Diagnostic Substances)",USA,public,
0001739174,BiomX Inc.,PHGE,NYSE,2836,"Biological Products, (No Diagnostic Substances)",USA,public,
0001701541,"Black Diamond Therapeutics, Inc.",BDTX,Nasdaq,2836,"Biological Products, (No Diagnostic Substances)",,public,
0002000775,Black Hawk Acquisition Corp,BKHA,Nasdaq,2836,"Biological Products, (No Diagnostic Substances)",,public,
0002000775,Black Hawk Acquisition Corp,BKHAR,Nasdaq,2836,"Biological Products, (No Diagnostic Substances)",,public,
0002000775,Black Hawk Acquisition Corp,BKHAU,Nasdaq,2836,"Biological Products, (No Diagnostic Substances)",,public,
0001662579,"C4 Therapeutics, Inc.",CCCC,Nasdaq,2836,"Biological Products, (No Diagnostic Substances)",USA,public,
0000725363,CEL SCI CORP,CVM,NYSE,2836,"Biological Products, (No Diagnostic Substances)",USA,public,
0001991792,"CG Oncology, Inc.",CGON,Nasdaq,2836,"Biological Products, (No Diagnostic Substances)",USA,public,
0000771856,"CHAMPIONS ONCOLOGY, INC.",CSBR,Nasdaq,2836,"Biological Products, (No Diagnostic Substances)",USA,public,
0001455365,COGNITION THERAPEUTICS INC,CGTX,Nasdaq,2836,"Biological Products, (No Diagnostic Substances)",USA,public,
0001119774,COMPUGEN LTD,CGEN,Nasdaq,2836,"Biological Products, (No Diagnostic Substances)",USA,public,
0001187953,"CREATIVE MEDICAL TECHNOLOGY HOLDINGS, INC.",CELZ,Nasdaq,2836,"Biological Products, (No Diagnostic Substances)",USA,public,
0001674416,CRISPR Therapeutics AG,CRSP,Nasdaq,2836,"Biological Products, (No Diagnostic Substances)",USA,public,
0001108205,CURIS INC,CRIS,Nasdaq,2836,"Biological Products, (No Diagnostic Substances)",USA,public,
0001759138,"Cabaletta Bio, Inc.",CABA,Nasdaq,2836,"Biological Products, (No Diagnostic Substances)",USA,public,
0001855485,"Calidi Biotherapeutics, Inc.",CLDI,NYSE,2836,"Biological Products, (No Diagnostic Substances)",USA,public,
0001841387,"Candel Therapeutics, Inc.",CADL,Nasdaq,2836,"Biological Products, (No Diagnostic Substances)",USA,public,
0001213037,"Cardiff Oncology, Inc.",CRDF,Nasdaq,2836,"Biological Products, (No Diagnostic Substances)",USA,public,
0001702123,Cardiol Therapeutics Inc.,CRDL,Nasdaq,2836,"Biological Products, (No Diagnostic Substances)",USA,public,
0001619856,"Caribou Biosciences, Inc.",CRBU,Nasdaq,2836,"Biological Products, (No Diagnostic Substances)",USA,public,
0001627281,Cellectis S.A.,CLLS,Nasdaq,2836,"Biological Products, (No Diagnostic Substances)",USA,public,
0001850119,"Century Therapeutics, Inc.",IPSC,Nasdaq,2836,"Biological Products, (No Diagnostic Substances)",USA,public,
0001512762,"Coherus Oncology, Inc.",CHRS,Nasdaq,2836,"Biological Products, (No Diagnostic Substances)",USA,public,
0001738021,"Compass Therapeutics, Inc.",CMPX,Nasdaq,2836,"Biological Products, (No Diagnostic Substances)",USA,public,
0001789972,"Cullinan Therapeutics, Inc.",CGEM,Nasdaq,2836,"Biological Products, (No Diagnostic Substances)",USA,public,
0001613780,DBV Technologies S.A.,DBVT,Nasdaq,2836,"Biological Products, (No Diagnostic Substances)",USA,public,
0001213809,DYADIC INTERNATIONAL INC,DYAI,Nasdaq,2836,"Biological Products, (No Diagnostic Substances)",USA,public,
0001714899,Denali Therapeutics Inc.,DNLI,Nasdaq,2836,"Biological Products, (No Diagnostic Substances)",USA,public,
0001708527,ELUTIA INC.,ELUT,Nasdaq,2836,"Biological Products, (No Diagnostic Substances)",USA,public,
0000939767,"EXELIXIS, INC.",EXEL,Nasdaq,2836,"Biological Products, (No Diagnostic Substances)",USA,public,
0002010788,EXOZYMES INC.,EXOZ,Nasdaq,2836,"Biological Products, (No Diagnostic Substances)",USA,public,
0001650664,"Editas Medicine, Inc.",EDIT,Nasdaq,2836,"Biological Products, (No Diagnostic Substances)",USA,public,
0001861123,"Eikon Therapeutics, Inc.",EIKN,Nasdaq,2836,"Biological Products, (No Diagnostic Substances)",USA,public,
0001035354,"Eloxx Pharmaceuticals, Inc.",ELOX,Nasdaq,2836,"Biological Products, (No Diagnostic Substances)",USA,public,
0001638097,Entera Bio Ltd.,ENTX,Nasdaq,2836,"Biological Products, (No Diagnostic Substances)",USA,public,
0001844417,"Estrella Immunopharma, Inc.",ESLA,Nasdaq,2836,"Biological Products, (No Diagnostic Substances)",,public,
0001844417,"Estrella Immunopharma, Inc.",ESLAW,Nasdaq,2836,"Biological Products, (No Diagnostic Substances)",,public,
0001828253,Evaxion A/S,EVAX,Nasdaq,2836,"Biological Products, (No Diagnostic Substances)",USA,public,
0001434316,FATE THERAPEUTICS INC,FATE,Nasdaq,2836,"Biological Products, (No Diagnostic Substances)",,public,
0001211583,FENNEC PHARMACEUTICALS INC.,FENC,Nasdaq,2836,"Biological Products, (No Diagnostic Substances)",USA,public,
0000882095,"GILEAD SCIENCES, INC.",GILD,Nasdaq,2836,"Biological Products, (No Diagnostic Substances)",USA,public,
0001838716,Genenta Science S.p.A.,GNTA,Nasdaq,2836,"Biological Products, (No Diagnostic Substances)",USA,public,
0001830214,"Ginkgo Bioworks Holdings, Inc.",DNA,NYSE,2836,"Biological Products, (No Diagnostic Substances)",USA,public,
0001907223,Greenland Mines Ltd,GRML,Nasdaq,2836,"Biological Products, (No Diagnostic Substances)",,public,
0001907223,Greenland Mines Ltd,GRMLW,Nasdaq,2836,"Biological Products, (No Diagnostic Substances)",,public,
0001159036,"HALOZYME THERAPEUTICS, INC.",HALO,Nasdaq,2836,"Biological Products, (No Diagnostic Substances)",USA,public,
0002114044,"Hemab Therapeutics Holdings, Inc.",COAG,Nasdaq,2836,"Biological Products, (No Diagnostic Substances)",USA,public,
0001818382,"Humacyte, Inc.",HUMA,Nasdaq,2836,"Biological Products, (No Diagnostic Substances)",USA,public,
0001818382,"Humacyte, Inc.",HUMAW,Nasdaq,2836,"Biological Products, (No Diagnostic Substances)",USA,public,
0001740279,"IN8BIO, INC.",INAB,Nasdaq,2836,"Biological Products, (No Diagnostic Substances)",USA,public,
0001567264,"INTENSITY THERAPEUTICS, INC.",INTS,Nasdaq,2836,"Biological Products, (No Diagnostic Substances)",USA,public,
0001425205,"IOVANCE BIOTHERAPEUTICS, INC.",IOVA,Nasdaq,2836,"Biological Products, (No Diagnostic Substances)",USA,public,
0001835579,"ImageneBio, Inc.",IMA,Nasdaq,2836,"Biological Products, (No Diagnostic Substances)",USA,public,
0001809196,Immatics N.V.,IMTX,Nasdaq,2836,"Biological Products, (No Diagnostic Substances)",USA,public,
0001326110,"ImmunityBio, Inc.",IBRX,Nasdaq,2836,"Biological Products, (No Diagnostic Substances)",USA,public,
0001671927,Immunocore Holdings plc,IMCR,Nasdaq,2836,"Biological Products, (No Diagnostic Substances)",USA,public,
0001764013,"Immunovant, Inc.",IMVT,Nasdaq,2836,"Biological Products, (No Diagnostic Substances)",USA,public,
0001750149,"Inhibikase Therapeutics, Inc.",IKT,Nasdaq,2836,"Biological Products, (No Diagnostic Substances)",USA,public,
0002007919,"Inhibrx Biosciences, Inc.",INBX,Nasdaq,2836,"Biological Products, (No Diagnostic Substances)",USA,public,
0001711754,"Inmune Bio, Inc.",INMB,Nasdaq,2836,"Biological Products, (No Diagnostic Substances)",USA,public,
0001598599,Innate Pharma SA,IPHA,Nasdaq,2836,"Biological Products, (No Diagnostic Substances)",USA,public,
0001789769,"Instil Bio, Inc.",TIL,Nasdaq,2836,"Biological Products, (No Diagnostic Substances)",USA,public,
0001832038,"Invivyd, Inc.",IVVD,Nasdaq,2836,"Biological Products, (No Diagnostic Substances)",USA,public,
0001788028,"Jasper Therapeutics, Inc.",JSPR,Nasdaq,2836,"Biological Products, (No Diagnostic Substances)",USA,public,
0001788028,"Jasper Therapeutics, Inc.",JSPRW,Nasdaq,2836,"Biological Products, (No Diagnostic Substances)",USA,public,
0001754068,"Kalaris Therapeutics, Inc.",KLRS,Nasdaq,2836,"Biological Products, (No Diagnostic Substances)",USA,public,
0001468748,Kodiak Sciences Inc.,KOD,Nasdaq,2836,"Biological Products, (No Diagnostic Substances)",USA,public,
0001711279,"Krystal Biotech, Inc.",KRYS,Nasdaq,2836,"Biological Products, (No Diagnostic Substances)",,public,
0001815442,"Kymera Therapeutics, Inc.",KYMR,Nasdaq,2836,"Biological Products, (No Diagnostic Substances)",USA,public,
0001994702,"Kyverna Therapeutics, Inc.",KYTX,Nasdaq,2836,"Biological Products, (No Diagnostic Substances)",USA,public,
0001815776,"LENZ Therapeutics, Inc.",LENZ,Nasdaq,2836,"Biological Products, (No Diagnostic Substances)",USA,public,
0001620463,"LeonaBio, Inc.",LONA,Nasdaq,2836,"Biological Products, (No Diagnostic Substances)",,public,
0001907108,"Lexeo Therapeutics, Inc.",LXEO,Nasdaq,2836,"Biological Products, (No Diagnostic Substances)",,public,
0001971387,"Liminatus Pharma, Inc.",LIMN,Nasdaq,2836,"Biological Products, (No Diagnostic Substances)",USA,public,
0001971387,"Liminatus Pharma, Inc.",LIMNW,Nasdaq,2836,"Biological Products, (No Diagnostic Substances)",USA,public,
0000876343,"Lineage Cell Therapeutics, Inc.",LCTX,NYSE,2836,"Biological Products, (No Diagnostic Substances)",USA,public,
0001345099,MESOBLAST LTD,MESO,Nasdaq,2836,"Biological Products, (No Diagnostic Substances)",USA,public,
0001745114,MOLECULAR PARTNERS AG,MOLN,Nasdaq,2836,"Biological Products, (No Diagnostic Substances)",USA,public,
0001842295,"Maze Therapeutics, Inc.",MAZE,Nasdaq,2836,"Biological Products, (No Diagnostic Substances)",USA,public,
0001735438,MeiraGTx Holdings plc,MGTX,Nasdaq,2836,"Biological Products, (No Diagnostic Substances)",,public,
0001785279,"Metagenomi Therapeutics, Inc.",MGX,Nasdaq,2836,"Biological Products, (No Diagnostic Substances)",,public,
0001840229,"MiNK Therapeutics, Inc.",INKT,Nasdaq,2836,"Biological Products, (No Diagnostic Substances)",USA,public,
0001682852,"Moderna, Inc.",MRNA,Nasdaq,2836,"Biological Products, (No Diagnostic Substances)",USA,public,
0001826457,"Monte Rosa Therapeutics, Inc.",GLUE,Nasdaq,2836,"Biological Products, (No Diagnostic Substances)",USA,public,
0000914475,NEUROCRINE BIOSCIENCES INC,NBIX,Nasdaq,2836,"Biological Products, (No Diagnostic Substances)",USA,public,
0001000694,NOVAVAX INC,NVAX,Nasdaq,2836,"Biological Products, (No Diagnostic Substances)",USA,public,
0001885522,"Neumora Therapeutics, Inc.",NMRA,Nasdaq,2836,"Biological Products, (No Diagnostic Substances)",USA,public,
0001849296,OKYO Pharma Ltd,OKYO,Nasdaq,2836,"Biological Products, (No Diagnostic Substances)",,public,
0001372299,"Ocugen, Inc.",OCGN,Nasdaq,2836,"Biological Products, (No Diagnostic Substances)",USA,public,
0001882782,"Odyssey Therapeutics, Inc.",ODTX,Nasdaq,2836,"Biological Products, (No Diagnostic Substances)",USA,public,
0001649989,"Outlook Therapeutics, Inc.",OTLK,Nasdaq,2836,"Biological Products, (No Diagnostic Substances)",USA,public,
0001357459,"PALISADE BIO, INC.",PALI,Nasdaq,2836,"Biological Products, (No Diagnostic Substances)",USA,public,
0001357874,PRECISION BIOSCIENCES INC,DTIL,Nasdaq,2836,"Biological Products, (No Diagnostic Substances)",USA,public,
0001850270,PROKIDNEY CORP.,PROK,Nasdaq,2836,"Biological Products, (No Diagnostic Substances)",USA,public,
0001787297,"Passage BIO, Inc.",PASG,Nasdaq,2836,"Biological Products, (No Diagnostic Substances)",USA,public,
0001919246,Pelthos Therapeutics Inc.,PTHS,NYSE,2836,"Biological Products, (No Diagnostic Substances)",USA,public,
0001157075,"PharmaCyte Biotech, Inc.",PMCB,Nasdaq,2836,"Biological Products, (No Diagnostic Substances)",USA,public,
0001158780,Pluri Inc.,PLUR,Nasdaq,2836,"Biological Products, (No Diagnostic Substances)",USA,public,
0001894562,"Prime Medicine, Inc.",PRME,Nasdaq,2836,"Biological Products, (No Diagnostic Substances)",USA,public,
0001006281,"Protalix BioTherapeutics, Inc.",PLX,NYSE,2836,"Biological Products, (No Diagnostic Substances)",USA,public,
0001359931,"Protara Therapeutics, Inc.",TARA,Nasdaq,2836,"Biological Products, (No Diagnostic Substances)",,public,
0001015820,QIAGEN N.V.,QGEN,NYSE,2836,"Biological Products, (No Diagnostic Substances)",USA,public,
0001662774,"Quince Therapeutics, Inc.",QNCX,Nasdaq,2836,"Biological Products, (No Diagnostic Substances)",USA,public,
0001601830,"RECURSION PHARMACEUTICALS, INC.",RXRX,Nasdaq,2836,"Biological Products, (No Diagnostic Substances)",USA,public,
0001590877,REGENXBIO Inc.,RGNX,Nasdaq,2836,"Biological Products, (No Diagnostic Substances)",,public,
0000730272,REPLIGEN CORP,RGEN,Nasdaq,2836,"Biological Products, (No Diagnostic Substances)",USA,public,
0001812364,"Relay Therapeutics, Inc.",RLAY,Nasdaq,2836,"Biological Products, (No Diagnostic Substances)",USA,public,
0001737953,"Replimune Group, Inc.",REPL,Nasdaq,2836,"Biological Products, (No Diagnostic Substances)",USA,public,
0001628171,"Revolution Medicines, Inc.",RVMD,Nasdaq,2836,"Biological Products, (No Diagnostic Substances)",USA,public,
0001628171,"Revolution Medicines, Inc.",RVMDW,Nasdaq,2836,"Biological Products, (No Diagnostic Substances)",USA,public,
0001833214,"SAB Biotherapeutics, Inc.",SABS,Nasdaq,2836,"Biological Products, (No Diagnostic Substances)",USA,public,
0001833214,"SAB Biotherapeutics, Inc.",SABSW,Nasdaq,2836,"Biological Products, (No Diagnostic Substances)",USA,public,
0002070534,SL Science Holding Ltd,SLBT,Nasdaq,2836,"Biological Products, (No Diagnostic Substances)",USA,public,
0001382101,"SUTRO BIOPHARMA, INC.",STRO,Nasdaq,2836,"Biological Products, (No Diagnostic Substances)",,public,
0001770121,"Sana Biotechnology, Inc.",SANA,Nasdaq,2836,"Biological Products, (No Diagnostic Substances)",USA,public,
0001727196,Scholar Rock Holding Corp,SRRK,Nasdaq,2836,"Biological Products, (No Diagnostic Substances)",USA,public,
0001820190,Scilex Holding Co,SCLX,Nasdaq,2836,"Biological Products, (No Diagnostic Substances)",USA,public,
0001820190,Scilex Holding Co,SCLXW,Nasdaq,2836,"Biological Products, (No Diagnostic Substances)",USA,public,
0001611747,Scinai Immunotherapeutics Ltd.,SCNI,Nasdaq,2836,"Biological Products, (No Diagnostic Substances)",USA,public,
0001854270,"Senti Biosciences Holdings, Inc.",SNTI,Nasdaq,2836,"Biological Products, (No Diagnostic Substances)",USA,public,
0002022416,Silexion Therapeutics Corp,SLXN,Nasdaq,2836,"Biological Products, (No Diagnostic Substances)",USA,public,
0002022416,Silexion Therapeutics Corp,SLXNW,Nasdaq,2836,"Biological Products, (No Diagnostic Substances)",USA,public,
0001707502,Solid Biosciences Inc.,SLDB,Nasdaq,2836,"Biological Products, (No Diagnostic Substances)",USA,public,
0001824893,"Surrozen, Inc./DE",SRZN,Nasdaq,2836,"Biological Products, (No Diagnostic Substances)",USA,public,
0001824893,"Surrozen, Inc./DE",SRZNW,Nasdaq,2836,"Biological Products, (No Diagnostic Substances)",USA,public,
0001783328,"TScan Therapeutics, Inc.",TCRX,Nasdaq,2836,"Biological Products, (No Diagnostic Substances)",USA,public,
0001819790,"Tarsus Pharmaceuticals, Inc.",TARS,Nasdaq,2836,"Biological Products, (No Diagnostic Substances)",USA,public,
0001806310,"Taysha Gene Therapies, Inc.",TSHA,Nasdaq,2836,"Biological Products, (No Diagnostic Substances)",USA,public,
0001681087,"Tectonic Therapeutic, Inc.",TECX,Nasdaq,2836,"Biological Products, (No Diagnostic Substances)",USA,public,
0001858848,"Tenaya Therapeutics, Inc.",TNYA,Nasdaq,2836,"Biological Products, (No Diagnostic Substances)",USA,public,
0001860871,Tevogen Bio Holdings Inc.,TVGN,Nasdaq,2836,"Biological Products, (No Diagnostic Substances)",USA,public,
0001860871,Tevogen Bio Holdings Inc.,TVGNW,Nasdaq,2836,"Biological Products, (No Diagnostic Substances)",USA,public,
0001581280,Twist Bioscience Corp,TWST,Nasdaq,2836,"Biological Products, (No Diagnostic Substances)",USA,public,
0001836564,Valneva SE,VALN,Nasdaq,2836,"Biological Products, (No Diagnostic Substances)",USA,public,
0001649094,"Vaxcyte, Inc.",PCVX,Nasdaq,2836,"Biological Products, (No Diagnostic Substances)",USA,public,
0000887359,Vericel Corp,VCEL,Nasdaq,2836,"Biological Products, (No Diagnostic Substances)",USA,public,
0001706431,"Vir Biotechnology, Inc.",VIR,Nasdaq,2836,"Biological Products, (No Diagnostic Substances)",USA,public,
0001497253,"VivoSim Labs, INC.",VIVS,Nasdaq,2836,"Biological Products, (No Diagnostic Substances)",USA,public,
0001817229,Vor Biopharma Inc.,VOR,Nasdaq,2836,"Biological Products, (No Diagnostic Substances)",,public,
0002006815,Voyager Acquisition Corp./Cayman Islands,VACH,Nasdaq,2836,"Biological Products, (No Diagnostic Substances)",USA,public,
0002006815,Voyager Acquisition Corp./Cayman Islands,VACHU,Nasdaq,2836,"Biological Products, (No Diagnostic Substances)",USA,public,
0002006815,Voyager Acquisition Corp./Cayman Islands,VACHW,Nasdaq,2836,"Biological Products, (No Diagnostic Substances)",USA,public,
0001640266,"Voyager Therapeutics, Inc.",VYGR,Nasdaq,2836,"Biological Products, (No Diagnostic Substances)",USA,public,
0001501697,"X4 Pharmaceuticals, Inc",XFOR,Nasdaq,2836,"Biological Products, (No Diagnostic Substances)",USA,public,
0001855644,Zura Bio Ltd,ZURA,Nasdaq,2836,"Biological Products, (No Diagnostic Substances)",USA,public,
0001339970,aTYR PHARMA INC,ATYR,Nasdaq,2836,"Biological Products, (No Diagnostic Substances)",USA,public,
0001980845,enGene Therapeutics Inc.,ENGN,Nasdaq,2836,"Biological Products, (No Diagnostic Substances)",USA,public,
0001980845,enGene Therapeutics Inc.,ENGNW,Nasdaq,2836,"Biological Products, (No Diagnostic Substances)",USA,public,
0000925261,ANDINA BOTTLING CO INC,AKO-A,NYSE,2086,Bottled & Canned Soft Drinks & Carbonated Waters,,public,
0000925261,ANDINA BOTTLING CO INC,AKO-B,NYSE,2086,Bottled & Canned Soft Drinks & Carbonated Waters,,public,
0000910631,COCA COLA FEMSA SAB DE CV,KOF,NYSE,2086,Bottled & Canned Soft Drinks & Carbonated Waters,,public,
0001650107,COCA-COLA EUROPACIFIC PARTNERS plc,CCEP,Nasdaq,2086,Bottled & Canned Soft Drinks & Carbonated Waters,USA,public,
0001341766,"Celsius Holdings, Inc.",CELH,Nasdaq,2086,Bottled & Canned Soft Drinks & Carbonated Waters,USA,public,
0000317540,"Coca-Cola Consolidated, Inc.",COKE,Nasdaq,2086,Bottled & Canned Soft Drinks & Carbonated Waters,USA,public,
0001061736,MEXICAN ECONOMIC DEVELOPMENT INC,FMX,NYSE,2086,Bottled & Canned Soft Drinks & Carbonated Waters,USA,public,
0000865752,Monster Beverage Corp,MNST,Nasdaq,2086,Bottled & Canned Soft Drinks & Carbonated Waters,,public,
0000069891,NATIONAL BEVERAGE CORP,FIZZ,Nasdaq,2086,Bottled & Canned Soft Drinks & Carbonated Waters,USA,public,
0001140215,"REED'S, INC.",REED,NYSE,2086,Bottled & Canned Soft Drinks & Carbonated Waters,USA,public,
0001854139,Zevia PBC,ZVIA,NYSE,2086,Bottled & Canned Soft Drinks & Carbonated Waters,USA,public,
0000025895,CROWN CRAFTS INC,CRWS,Nasdaq,2211,"Broadwoven Fabric Mills, Cotton",USA,public,
0000723603,CULP INC,CULP,Nasdaq,2211,"Broadwoven Fabric Mills, Cotton",USA,public,
0000819793,ALBANY INTERNATIONAL CORP /DE/,AIN,NYSE,2221,"Broadwoven Fabric Mills, Man Made Fiber & Silk",USA,public,
0001487197,BARFRESH FOOD GROUP INC.,BRFH,Nasdaq,2030,"Canned, Frozen & Preservd Fruit, Veg & Food Specialties",USA,public,
0001637459,Kraft Heinz Co,KHC,Nasdaq,2030,"Canned, Frozen & Preservd Fruit, Veg & Food Specialties",USA,public,
0001679273,"Lamb Weston Holdings, Inc.",LW,NYSE,2030,"Canned, Frozen & Preservd Fruit, Veg & Food Specialties",USA,public,
0000057515,MARZETTI CO,MZTI,Nasdaq,2030,"Canned, Frozen & Preservd Fruit, Veg & Food Specialties",USA,public,
0001117057,Planet Green Holdings Corp.,PLAG,NYSE,2030,"Canned, Frozen & Preservd Fruit, Veg & Food Specialties",USA,public,
0001701261,"Farmmi, Inc.",FAMI,Nasdaq,2033,"Canned, Fruits, Veg, Preserves, Jams & Jellies",USA,public,
0000091419,J M SMUCKER Co,SJM,NYSE,2033,"Canned, Fruits, Veg, Preserves, Jams & Jellies",USA,public,
0000088948,Seneca Foods Corp,SENEA,Nasdaq,2033,"Canned, Fruits, Veg, Preserves, Jams & Jellies",USA,public,
0000088948,Seneca Foods Corp,SENEB,Nasdaq,2033,"Canned, Fruits, Veg, Preserves, Jams & Jellies",USA,public,
0000715787,INTERFACE INC,TILE,Nasdaq,2273,Carpets & Rugs,USA,public,
0000851968,MOHAWK INDUSTRIES INC,MHK,NYSE,2273,Carpets & Rugs,USA,public,
0002035989,Amrize Ltd,AMRZ,NYSE,3241,"Cement, Hydraulic",USA,public,
0001221029,CEMENTOS PACASMAYO SAA,CPAC,NYSE,3241,"Cement, Hydraulic",,public,
0001076378,CEMEX SAB DE CV,CX,NYSE,3241,"Cement, Hydraulic",USA,public,
0000849395,CRH PUBLIC LTD CO,CRH,NYSE,3241,"Cement, Hydraulic",USA,public,
0000918646,EAGLE MATERIALS INC,EXP,NYSE,3241,"Cement, Hydraulic",USA,public,
0001711375,Loma Negra Compania Industrial Argentina Sociedad Anonima,LOMA,NYSE,3241,"Cement, Hydraulic",,public,
0001518461,"AmpliTech Group, Inc.",AMPG,Nasdaq,3669,"Communications Equipment, NEC",USA,public,
0001518461,"AmpliTech Group, Inc.",AMPGR,Nasdaq,3669,"Communications Equipment, NEC",USA,public,
0001518461,"AmpliTech Group, Inc.",AMPGZ,Nasdaq,3669,"Communications Equipment, NEC",USA,public,
0000866706,ESCO TECHNOLOGIES INC,ESE,NYSE,3669,"Communications Equipment, NEC",USA,public,
0001022652,INSEEGO CORP.,INSG,Nasdaq,3669,"Communications Equipment, NEC",,public,
0001600983,"Knightscope, Inc.",KSCP,Nasdaq,3669,"Communications Equipment, NEC",USA,public,
0001633978,Lumentum Holdings Inc.,LITE,Nasdaq,3669,"Communications Equipment, NEC",USA,public,
0001872964,Maris Tech Ltd.,MTEK,Nasdaq,3669,"Communications Equipment, NEC",USA,public,
0001872964,Maris Tech Ltd.,MTEKW,Nasdaq,3669,"Communications Equipment, NEC",USA,public,
0000069633,"NAPCO SECURITY TECHNOLOGIES, INC",NSSC,Nasdaq,3669,"Communications Equipment, NEC",USA,public,
0001774170,"Powerfleet, Inc.",AIOT,Nasdaq,3669,"Communications Equipment, NEC",USA,public,
0001697851,"Rekor Systems, Inc.",REKR,Nasdaq,3669,"Communications Equipment, NEC",USA,public,
0001993727,Senstar Technologies Corp,SNT,Nasdaq,3669,"Communications Equipment, NEC",USA,public,
0001493761,Turtle Beach Corp,TBCH,Nasdaq,3669,"Communications Equipment, NEC",USA,public,
0001030471,UTSTARCOM HOLDINGS CORP.,UTSI,Nasdaq,3669,"Communications Equipment, NEC",USA,public,
0001159152,James Hardie Industries plc,JHX,NYSE,3272,"Concrete Products, Except Block & Brick",,public,
0000924719,SMITH MIDLAND CORP,SMID,Nasdaq,3272,"Concrete Products, Except Block & Brick",USA,public,
0002094433,"Suncrete, Inc.",RMIX,Nasdaq,3272,"Concrete Products, Except Block & Brick",,public,
0000008818,Avery Dennison Corp,AVY,NYSE,2670,Converted Paper & Paperboard Prods (No Contaners/Boxes),USA,public,
0001999297,Big Tree Cloud Holdings Ltd,DSY,Nasdaq,2670,Converted Paper & Paperboard Prods (No Contaners/Boxes),USA,public,
0001999297,Big Tree Cloud Holdings Ltd,DSYWW,Nasdaq,2670,Converted Paper & Paperboard Prods (No Contaners/Boxes),USA,public,
0001358190,"IT TECH PACKAGING, INC.",ITP,NYSE,2670,Converted Paper & Paperboard Prods (No Contaners/Boxes),USA,public,
0000055785,KIMBERLY CLARK CORP,KMB,Nasdaq,2670,Converted Paper & Paperboard Prods (No Contaners/Boxes),USA,public,
0001712463,Ranpak Holdings Corp.,PACK,NYSE,2670,Converted Paper & Paperboard Prods (No Contaners/Boxes),USA,public,
0000785956,J&J SNACK FOODS CORP,JJSF,Nasdaq,2052,Cookies & Crackers,USA,public,
0001504379,Caesarstone Ltd.,CSTE,Nasdaq,3281,Cut Stone & Stone Products,,public,
0000814586,"Lifeway Foods, Inc.",LWAY,Nasdaq,2020,Dairy Products,USA,public,
0001026980,ASIA PACIFIC WIRE & CABLE CORP LTD,APWC,Nasdaq,3357,Drawing & Insulating of  Nonferrous Wire,USA,public,
0000913142,BELDEN INC.,BDC,NYSE,3357,Drawing & Insulating of  Nonferrous Wire,USA,public,
0000024741,CORNING INC /NY,GLW,NYSE,3357,Drawing & Insulating of  Nonferrous Wire,USA,public,
0001000230,OPTICAL CABLE CORP,OCC,Nasdaq,3357,Drawing & Insulating of  Nonferrous Wire,USA,public,
0000352541,ALLIANT ENERGY CORP,LNT,Nasdaq,4931,Electric & Other Services Combined,USA,public,
0001002910,AMEREN CORP,AEE,NYSE,4931,Electric & Other Services Combined,USA,public,
0000104918,AVISTA CORP,AVA,NYSE,4931,Electric & Other Services Combined,USA,public,
0000811156,CMS ENERGY CORP,CMS,NYSE,4931,Electric & Other Services Combined,USA,public,
0000811156,CMS ENERGY CORP,CMSA,NYSE,4931,Electric & Other Services Combined,USA,public,
0000811156,CMS ENERGY CORP,CMSC,NYSE,4931,Electric & Other Services Combined,USA,public,
0000811156,CMS ENERGY CORP,CMSD,NYSE,4931,Electric & Other Services Combined,USA,public,
0000811156,CMS ENERGY CORP,CMS-PC,NYSE,4931,Electric & Other Services Combined,USA,public,
0001047862,CONSOLIDATED EDISON INC,ED,NYSE,4931,Electric & Other Services Combined,USA,public,
0000201533,CONSUMERS ENERGY CO,CMS-PB,NYSE,4931,Electric & Other Services Combined,USA,public,
0001326160,Duke Energy CORP,DUK,NYSE,4931,Electric & Other Services Combined,USA,public,
0001326160,Duke Energy CORP,DUKB,NYSE,4931,Electric & Other Services Combined,USA,public,
0001326160,Duke Energy CORP,DUK-PA,NYSE,4931,Electric & Other Services Combined,USA,public,
0000071508,"ENTERGY NEW ORLEANS, LLC",ENJ,NYSE,4931,Electric & Other Services Combined,USA,public,
0000071508,"ENTERGY NEW ORLEANS, LLC",ENO,NYSE,4931,Electric & Other Services Combined,USA,public,
0001109357,EXELON CORP,EXC,Nasdaq,4931,Electric & Other Services Combined,USA,public,
0001711269,"Evergy, Inc.",EVRG,Nasdaq,4931,Electric & Other Services Combined,,public,
0001528356,Genie Energy Ltd.,GNE,NYSE,4931,Electric & Other Services Combined,USA,public,
0001604191,GridAI Technologies Corp.,GRDX,Nasdaq,4931,Electric & Other Services Combined,USA,public,
0001111711,NISOURCE INC.,NI,NYSE,4931,Electric & Other Services Combined,USA,public,
0001993004,"NorthWestern Energy Group, Inc.",NWE,Nasdaq,4931,Electric & Other Services Combined,USA,public,
0001004980,PG&E Corp,PCG,NYSE,4931,Electric & Other Services Combined,USA,public,
0001004980,PG&E Corp,PCG-PE,NYSE,4931,Electric & Other Services Combined,USA,public,
0001004980,PG&E Corp,PCG-PD,NYSE,4931,Electric & Other Services Combined,USA,public,
0001004980,PG&E Corp,PCG-PC,NYSE,4931,Electric & Other Services Combined,USA,public,
0001004980,PG&E Corp,PCG-PH,NYSE,4931,Electric & Other Services Combined,USA,public,
0001004980,PG&E Corp,PCG-PG,NYSE,4931,Electric & Other Services Combined,USA,public,
0001004980,PG&E Corp,PCG-PI,NYSE,4931,Electric & Other Services Combined,USA,public,
0001004980,PG&E Corp,PCG-PA,NYSE,4931,Electric & Other Services Combined,USA,public,
0001004980,PG&E Corp,PCG-PB,NYSE,4931,Electric & Other Services Combined,USA,public,
0001004980,PG&E Corp,PCG-PX,NYSE,4931,Electric & Other Services Combined,USA,public,
0000788784,PUBLIC SERVICE ENTERPRISE GROUP INC,PEG,NYSE,4931,Electric & Other Services Combined,USA,public,
0000755001,UNITIL CORP,UTL,NYSE,4931,Electric & Other Services Combined,USA,public,
0001606268,"Via Renewables, Inc.",VIASP,Nasdaq,4931,Electric & Other Services Combined,USA,public,
0001681348,VivoPower PLC,VIVO,Nasdaq,4931,Electric & Other Services Combined,USA,public,
0000783325,"WEC ENERGY GROUP, INC.",WEC,NYSE,4931,Electric & Other Services Combined,USA,public,
0000072903,XCEL ENERGY INC,XEL,Nasdaq,4931,Electric & Other Services Combined,USA,public,
0000072903,XCEL ENERGY INC,XELLL,Nasdaq,4931,Electric & Other Services Combined,USA,public,
0001174169,ALGONQUIN POWER & UTILITIES CORP.,AQN,NYSE,4911,Electric Services,USA,public,
0001174169,ALGONQUIN POWER & UTILITIES CORP.,AQNB,NYSE,4911,Electric Services,USA,public,
0000004904,AMERICAN ELECTRIC POWER CO INC,AEP,Nasdaq,4911,Electric Services,USA,public,
0001439124,AXIA Energia S.A.,AXIA,NYSE,4911,Electric Services,USA,public,
0001439124,AXIA Energia S.A.,AXIA-PC,NYSE,4911,Electric Services,USA,public,
0001130464,BLACK HILLS CORP /SD/,BKH,NYSE,4911,Electric Services,USA,public,
0001066764,Bimergen Energy Corp,BESS,NYSE,4911,Electric Services,USA,public,
0001066764,Bimergen Energy Corp,BESS-WT,NYSE,4911,Electric Services,USA,public,
0001791863,Brookfield Renewable Corp,BEPC,NYSE,4911,Electric Services,USA,public,
0001533232,Brookfield Renewable Partners L.P.,BEP,NYSE,4911,Electric Services,USA,public,
0001533232,Brookfield Renewable Partners L.P.,BEPH,NYSE,4911,Electric Services,USA,public,
0001533232,Brookfield Renewable Partners L.P.,BEPI,NYSE,4911,Electric Services,USA,public,
0001533232,Brookfield Renewable Partners L.P.,BEPJ,NYSE,4911,Electric Services,USA,public,
0001533232,Brookfield Renewable Partners L.P.,BEP-PA,NYSE,4911,Electric Services,USA,public,
0001130310,CENTERPOINT ENERGY INC,CNP,NYSE,4911,Electric Services,USA,public,
0001717161,CENTRAL PUERTO S.A.,CEPU,NYSE,4911,Electric Services,USA,public,
0001567683,"Clearway Energy, Inc.",CWEN,NYSE,4911,Electric Services,USA,public,
0001868275,Constellation Energy Corp,CEG,Nasdaq,4911,Electric Services,USA,public,
0001918102,"DEEP FISSION, INC.",FISN,Nasdaq,4911,Electric Services,USA,public,
0000715957,"DOMINION ENERGY, INC",D,NYSE,4911,Electric Services,USA,public,
0000936340,DTE ENERGY CO,DTE,NYSE,4911,Electric Services,USA,public,
0000936340,DTE ENERGY CO,DTW,NYSE,4911,Electric Services,USA,public,
0000936340,DTE ENERGY CO,DTB,NYSE,4911,Electric Services,USA,public,
0000936340,DTE ENERGY CO,DTG,NYSE,4911,Electric Services,USA,public,
0000936340,DTE ENERGY CO,DTK,NYSE,4911,Electric Services,USA,public,
0001395213,EDENOR,EDN,NYSE,4911,Electric Services,USA,public,
0000827052,EDISON INTERNATIONAL,EIX,NYSE,4911,Electric Services,USA,public,
0001127248,EMERA INC,EMA,NYSE,4911,Electric Services,,public,
0001157557,ENERGY CO OF MINAS GERAIS,CIG,NYSE,4911,Electric Services,,public,
0001157557,ENERGY CO OF MINAS GERAIS,CIG-C,NYSE,4911,Electric Services,,public,
0001041792,ENERGY CO OF PARANA,ELPC,NYSE,4911,Electric Services,,public,
0000007323,"ENTERGY ARKANSAS, LLC",EAI,NYSE,4911,Electric Services,USA,public,
0000065984,ENTERGY CORP /DE/,ETR,NYSE,4911,Electric Services,USA,public,
0001348952,"ENTERGY LOUISIANA, LLC",ELC,NYSE,4911,Electric Services,USA,public,
0000066901,"ENTERGY MISSISSIPPI, LLC",EMP,NYSE,4911,Electric Services,USA,public,
0001427437,"ENTERGY TEXAS, INC.",ETI-P,NYSE,4911,Electric Services,USA,public,
0000072741,EVERSOURCE ENERGY,ES,NYSE,4911,Electric Services,USA,public,
0001846715,Eco Wave Power Global AB (publ),WAVE,Nasdaq,4911,Electric Services,USA,public,
0000946394,Ellomay Capital Ltd.,ELLO,NYSE,4911,Electric Services,USA,public,
0001659939,Enel Chile S.A.,ENIC,NYSE,4911,Electric Services,USA,public,
0001922641,Enlight Renewable Energy Ltd.,ENLT,Nasdaq,4911,Electric Services,USA,public,
0001031296,FIRSTENERGY CORP,FE,NYSE,4911,Electric Services,USA,public,
0001853868,Fervo Energy Co,FRVO,Nasdaq,4911,Electric Services,USA,public,
0001666175,Fortis Inc.,FTS,NYSE,4911,Electric Services,USA,public,
0000041091,GEORGIA POWER CO,GPJA,NYSE,4911,Electric Services,USA,public,
0000788965,HALLADOR ENERGY CO,HNRG,Nasdaq,4911,Electric Services,USA,public,
0000354707,HAWAIIAN ELECTRIC INDUSTRIES INC,HE,NYSE,4911,Electric Services,USA,public,
0002023730,"Hadron Energy, Inc.",HDRN,Nasdaq,4911,Electric Services,USA,public,
0002023730,"Hadron Energy, Inc.",HDRNW,Nasdaq,4911,Electric Services,USA,public,
0001846416,Hennessy Capital Investment Corp. VII,HVII,Nasdaq,4911,Electric Services,USA,public,
0001846416,Hennessy Capital Investment Corp. VII,HVIIR,Nasdaq,4911,Electric Services,USA,public,
0001846416,Hennessy Capital Investment Corp. VII,HVIIU,Nasdaq,4911,Electric Services,USA,public,
0001057877,IDACORP INC,IDA,NYSE,4911,Electric Services,USA,public,
0000887225,KOREA ELECTRIC POWER CORP,KEP,NYSE,4911,Electric Services,USA,public,
0001611005,Kenon Holdings Ltd.,KEN,NYSE,4911,Electric Services,USA,public,
0000753308,NEXTERA ENERGY INC,NEE,NYSE,4911,Electric Services,USA,public,
0000753308,NEXTERA ENERGY INC,NEE-PN,NYSE,4911,Electric Services,USA,public,
0000753308,NEXTERA ENERGY INC,NEE-PS,NYSE,4911,Electric Services,USA,public,
0000753308,NEXTERA ENERGY INC,NEE-PT,NYSE,4911,Electric Services,USA,public,
0000753308,NEXTERA ENERGY INC,NEE-PU,NYSE,4911,Electric Services,USA,public,
0000753308,NEXTERA ENERGY INC,NEE-PV,NYSE,4911,Electric Services,USA,public,
0000753308,NEXTERA ENERGY INC,NEE-PW,NYSE,4911,Electric Services,USA,public,
0001013871,"NRG ENERGY, INC.",NRG,NYSE,4911,Electric Services,USA,public,
0001923891,Nano Nuclear Energy Inc.,NNE,Nasdaq,4911,Electric Services,USA,public,
0001021635,OGE ENERGY CORP.,OGE,NYSE,4911,Electric Services,USA,public,
0001296445,"ORMAT TECHNOLOGIES, INC.",ORA,NYSE,4911,Electric Services,USA,public,
0001378140,"Ocean Power Technologies, Inc.",OPTT,NYSE,4911,Electric Services,USA,public,
0001849056,Oklo Inc.,OKLO,NYSE,4911,Electric Services,USA,public,
0001466593,Otter Tail Corp,OTTR,Nasdaq,4911,Electric Services,USA,public,
0000764622,PINNACLE WEST CAPITAL CORP,PNW,NYSE,4911,Electric Services,USA,public,
0000784977,PORTLAND GENERAL ELECTRIC CO /OR/,POR,NYSE,4911,Electric Services,USA,public,
0000922224,PPL Corp,PPL,NYSE,4911,Electric Services,,public,
0000922224,PPL Corp,PPLC,NYSE,4911,Electric Services,,public,
0001469395,Pampa Energy Inc.,PAM,NYSE,4911,Electric Services,USA,public,
0001848763,ReNew Energy Global plc,RNW,Nasdaq,4911,Electric Services,USA,public,
0001848763,ReNew Energy Global plc,RNWWW,Nasdaq,4911,Electric Services,USA,public,
0000092103,SOUTHERN CALIFORNIA EDISON Co,SCE-PG,NYSE,4911,Electric Services,USA,public,
0000092103,SOUTHERN CALIFORNIA EDISON Co,SCE-PL,NYSE,4911,Electric Services,USA,public,
0000092103,SOUTHERN CALIFORNIA EDISON Co,SCE-PM,NYSE,4911,Electric Services,USA,public,
0000092103,SOUTHERN CALIFORNIA EDISON Co,SCE-PN,NYSE,4911,Electric Services,USA,public,
0000092122,SOUTHERN CO,SO,NYSE,4911,Electric Services,USA,public,
0000092122,SOUTHERN CO,SOJC,NYSE,4911,Electric Services,USA,public,
0000092122,SOUTHERN CO,SOJD,NYSE,4911,Electric Services,USA,public,
0000092122,SOUTHERN CO,SOJE,NYSE,4911,Electric Services,USA,public,
0000092122,SOUTHERN CO,SOJF,NYSE,4911,Electric Services,USA,public,
0000092122,SOUTHERN CO,SOMN,NYSE,4911,Electric Services,USA,public,
0001772720,SPRUCE POWER HOLDING CORP,SPRU,NYSE,4911,Electric Services,USA,public,
0002074850,Spring Valley Acquisition Corp. III,SVAC,Nasdaq,4911,Electric Services,USA,public,
0002074850,Spring Valley Acquisition Corp. III,SVACU,Nasdaq,4911,Electric Services,USA,public,
0002074850,Spring Valley Acquisition Corp. III,SVACW,Nasdaq,4911,Electric Services,USA,public,
0001144800,TRANSALTA CORP,TAC,NYSE,4911,Electric Services,,public,
0001108426,TXNM ENERGY INC,TXNM,NYSE,4911,Electric Services,USA,public,
0001622536,Talen Energy Corp,TLN,Nasdaq,4911,Electric Services,USA,public,
0001376986,Tennessee Valley Authority,TVE,NYSE,4911,Electric Services,,public,
0001376986,Tennessee Valley Authority,TVC,NYSE,4911,Electric Services,,public,
0001692819,Vistra Corp.,VST,NYSE,4911,Electric Services,USA,public,
0001603145,"XPLR Infrastructure, LP",XIFR,NYSE,4911,Electric Services,,public,
0000729580,BEL FUSE INC /NJ,BELFA,Nasdaq,3677,"Electronic Coils, Transformers & Other Inductors",USA,public,
0000729580,BEL FUSE INC /NJ,BELFB,Nasdaq,3677,"Electronic Coils, Transformers & Other Inductors",USA,public,
0000048898,HUBBELL INC,HUBB,NYSE,3670,Electronic Components & Accessories,USA,public,
0001662684,"KULR Technology Group, Inc.",KULR,NYSE,3670,Electronic Components & Accessories,USA,public,
0001972074,Linkers Industries Ltd,LNKS,Nasdaq,3670,Electronic Components & Accessories,,public,
0001049521,MERCURY SYSTEMS INC,MRCY,Nasdaq,3670,Electronic Components & Accessories,USA,public,
0001005284,UNIVERSAL DISPLAY CORP \PA\,OLED,Nasdaq,3670,Electronic Components & Accessories,USA,public,
0000103730,VISHAY INTERTECHNOLOGY INC,VSH,NYSE,3670,Electronic Components & Accessories,USA,public,
0001487952,"Vishay Precision Group, Inc.",VPG,NYSE,3670,Electronic Components & Accessories,USA,public,
0000927003,ADVANCED ENERGY INDUSTRIES INC,AEIS,Nasdaq,3679,"Electronic Components, NEC",USA,public,
0000033533,ESPEY MFG & ELECTRONICS CORP,ESP,NYSE,3679,"Electronic Components, NEC",USA,public,
0001114995,IMPINJ INC,PI,Nasdaq,3679,"Electronic Components, NEC",USA,public,
0001290109,"LG Display Co., Ltd.",LPL,NYSE,3679,"Electronic Components, NEC",USA,public,
0000061004,LGL GROUP INC,LGL,NYSE,3679,"Electronic Components, NEC",USA,public,
0000061004,LGL GROUP INC,LGL-RI,NYSE,3679,"Electronic Components, NEC",USA,public,
0001902314,"M-tron Industries, Inc.",MPTI,NYSE,3679,"Electronic Components, NEC",USA,public,
0000065770,"MICROVISION, INC.",MVIS,Nasdaq,3679,"Electronic Components, NEC",USA,public,
0000722313,NORTECH SYSTEMS INC,NSYS,Nasdaq,3679,"Electronic Components, NEC",USA,public,
0000087050,Neonode Inc.,NEON,Nasdaq,3679,"Electronic Components, NEC",USA,public,
0001803407,"Ostin Technology Group Co., Ltd.",OST,Nasdaq,3679,"Electronic Components, NEC",USA,public,
0000751978,VICOR CORP,VICR,Nasdaq,3679,"Electronic Components, NEC",USA,public,
0001681622,Varex Imaging Corp,VREX,Nasdaq,3679,"Electronic Components, NEC",USA,public,
0001674101,Vertiv Holdings Co,VRT,NYSE,3679,"Electronic Components, NEC",USA,public,
0000820313,AMPHENOL CORP /DE/,APH,NYSE,3678,Electronic Connectors,USA,public,
0000065270,METHODE ELECTRONICS INC,MEI,NYSE,3678,Electronic Connectors,USA,public,
0000740664,R F INDUSTRIES LTD,RFIL,Nasdaq,3678,Electronic Connectors,USA,public,
0000790051,CARLISLE COMPANIES INC,CSL,NYSE,3060,"Fabricated Rubber Products, NEC",USA,public,
0001042187,YUNHONG GREEN CTI LTD.,YHGJ,Nasdaq,3060,"Fabricated Rubber Products, NEC",USA,public,
0000007084,Archer-Daniels-Midland Co,ADM,NYSE,2070,Fats & Oils,USA,public,
0001959994,Australian Oilseeds Holdings Ltd,COOT,Nasdaq,2070,Fats & Oils,USA,public,
0001959994,Australian Oilseeds Holdings Ltd,COOTW,Nasdaq,2070,Fats & Oils,USA,public,
0001996862,Bunge Global SA,BG,NYSE,2070,Fats & Oils,USA,public,
0000916540,DARLING INGREDIENTS INC.,DAR,NYSE,2070,Fats & Oils,USA,public,
0001534675,Tecnoglass Inc.,TGLS,NYSE,3211,Flat Glass,USA,public,
0001278027,"B&G Foods, Inc.",BGS,NYSE,2000,Food and Kindred Products,USA,public,
0001772016,"BELLRING BRANDS, INC.",BRBR,NYSE,2000,Food and Kindred Products,,public,
0001655210,"BEYOND MEAT, INC.",BYND,Nasdaq,2000,Food and Kindred Products,USA,public,
0001852973,Borealis Foods Inc.,BRLS,Nasdaq,2000,Food and Kindred Products,USA,public,
0001852973,Borealis Foods Inc.,BRLSW,Nasdaq,2000,Food and Kindred Products,USA,public,
0001962481,BranchOut Food Inc.,BOF,Nasdaq,2000,Food and Kindred Products,USA,public,
0000016732,CAMPBELL'S Co,CPB,Nasdaq,2000,Food and Kindred Products,USA,public,
0001901203,CN Healthy Food Tech Group Corp.,UCFI,Nasdaq,2000,Food and Kindred Products,USA,public,
0001901203,CN Healthy Food Tech Group Corp.,UCFIW,Nasdaq,2000,Food and Kindred Products,USA,public,
0000023217,CONAGRA BRANDS INC.,CAG,NYSE,2000,Food and Kindred Products,USA,public,
0001825349,Chanson International Holding,CHSN,Nasdaq,2000,Food and Kindred Products,USA,public,
0001808110,DDC Enterprise Ltd,DDC,NYSE,2000,Food and Kindred Products,USA,public,
0001128928,FLOWERS FOODS INC,FLO,NYSE,2000,Food and Kindred Products,USA,public,
0000910406,HAIN CELESTIAL GROUP INC,HAIN,Nasdaq,2000,Food and Kindred Products,USA,public,
0001650696,"Laird Superfood, Inc.",LSF,NYSE,2000,Food and Kindred Products,USA,public,
0001103982,"Mondelez International, Inc.",MDLZ,Nasdaq,2000,Food and Kindred Products,USA,public,
0001937737,Moolec Science SA,MLEC,Nasdaq,2000,Food and Kindred Products,USA,public,
0001937737,Moolec Science SA,MLECW,Nasdaq,2000,Food and Kindred Products,USA,public,
0001651717,Nomad Foods Ltd,NOMD,NYSE,2000,Food and Kindred Products,USA,public,
0001843586,Oatly Group AB,OTLY,Nasdaq,2000,Food and Kindred Products,USA,public,
0001696556,"Once Upon a Farm, PBC",OFRM,NYSE,2000,Food and Kindred Products,USA,public,
0001702744,Simply Good Foods Co,SMPL,Nasdaq,2000,Food and Kindred Products,,public,
0001490161,Sow Good Inc.,SOWG,Nasdaq,2000,Food and Kindred Products,USA,public,
0001828098,Steakholder Foods Ltd.,STKH,Nasdaq,2000,Food and Kindred Products,USA,public,
0001579733,"Vital Farms, Inc.",VITL,Nasdaq,2000,Food and Kindred Products,USA,public,
0000812074,"O-I Glass, Inc. /DE/",OI,NYSE,3221,Glass Containers,USA,public,
0001903870,Forafric Global PLC,AFRI,Nasdaq,2040,Grain Mill Products,USA,public,
0001903870,Forafric Global PLC,AFRIW,Nasdaq,2040,Grain Mill Products,USA,public,
0001611647,"Freshpet, Inc.",FRPT,Nasdaq,2040,Grain Mill Products,USA,public,
0000040704,GENERAL MILLS INC,GIS,NYSE,2040,Grain Mill Products,USA,public,
0001046257,Ingredion Inc,INGR,NYSE,2040,Grain Mill Products,USA,public,
0001530950,"Post Holdings, Inc.",POST,NYSE,2040,Grain Mill Products,USA,public,
0001860160,Firefly Aerospace Inc.,FLY,Nasdaq,3760,Guided Missiles & Space Vehicles & Parts,USA,public,
0001069258,"KRATOS DEFENSE & SECURITY SOLUTIONS, INC.",KTOS,Nasdaq,3760,Guided Missiles & Space Vehicles & Parts,USA,public,
0000936468,LOCKHEED MARTIN CORP,LMT,NYSE,3760,Guided Missiles & Space Vehicles & Parts,USA,public,
0001857047,MDA Space Ltd.,MDA,NYSE,3760,Guided Missiles & Space Vehicles & Parts,USA,public,
0001781162,Momentus Inc.,MNTS,Nasdaq,3760,Guided Missiles & Space Vehicles & Parts,USA,public,
0001781162,Momentus Inc.,MNTSW,Nasdaq,3760,Guided Missiles & Space Vehicles & Parts,USA,public,
0001819810,Redwire Corp,RDW,NYSE,3760,Guided Missiles & Space Vehicles & Parts,,public,
0001819994,Rocket Lab Corp,RKLB,Nasdaq,3760,Guided Missiles & Space Vehicles & Parts,,public,
0001788060,"Voyager Technologies, Inc./DE",VOYG,NYSE,3760,Guided Missiles & Space Vehicles & Parts,USA,public,
0002086587,York Space Systems Inc.,YSS,NYSE,3760,Guided Missiles & Space Vehicles & Parts,USA,public,
0001345126,Compass Diversified Holdings,CODI,NYSE,2510,Household Furniture,USA,public,
0001345126,Compass Diversified Holdings,CODI-PB,NYSE,2510,Household Furniture,USA,public,
0001345126,Compass Diversified Holdings,CODI-PA,NYSE,2510,Household Furniture,USA,public,
0001345126,Compass Diversified Holdings,CODI-PC,NYSE,2510,Household Furniture,USA,public,
0000037472,FLEXSTEEL INDUSTRIES INC,FLXS,Nasdaq,2510,Household Furniture,USA,public,
0001077688,HOOKER FURNISHINGS Corp,HOFT,Nasdaq,2510,Household Furniture,USA,public,
0000057131,LA-Z-BOY INC,LZB,NYSE,2510,Household Furniture,USA,public,
0000058492,LEGGETT & PLATT INC,LEG,NYSE,2510,Household Furniture,USA,public,
0000900391,NATUZZI S P A,NTZ,NYSE,2510,Household Furniture,,public,
0001643953,"Purple Innovation, Inc.",PRPL,Nasdaq,2510,Household Furniture,USA,public,
0001206264,SOMNIGROUP INTERNATIONAL INC.,SGI,NYSE,2510,Household Furniture,USA,public,
0000827187,Sleep Number Corp,SNBR,Nasdaq,2510,Household Furniture,USA,public,
0001473334,XMax Inc.,XMAX,Nasdaq,2510,Household Furniture,USA,public,
0002071668,Magnum Ice Cream Co N.V.,MICC,NYSE,2024,Ice Cream & Frozen Desserts,USA,public,
0000949858,"ACHIEVE LIFE SCIENCES, INC.",ACHV,Nasdaq,2835,In Vitro & In Vivo Diagnostic Substances,USA,public,
0001850902,"Alpha Teknova, Inc.",TKNO,Nasdaq,2835,In Vitro & In Vivo Diagnostic Substances,USA,public,
0001982708,Anbio Biotechnology,NNNN,Nasdaq,2835,In Vitro & In Vivo Diagnostic Substances,USA,public,
0000073290,BIOMERICA INC,BMRA,Nasdaq,2835,In Vitro & In Vivo Diagnostic Substances,USA,public,
0001870144,"Cardio Diagnostics Holdings, Inc.",CDIO,Nasdaq,2835,In Vitro & In Vivo Diagnostic Substances,USA,public,
0001870144,"Cardio Diagnostics Holdings, Inc.",CDIOW,Nasdaq,2835,In Vitro & In Vivo Diagnostic Substances,USA,public,
0000744218,"Celldex Therapeutics, Inc.",CLDX,Nasdaq,2835,In Vitro & In Vivo Diagnostic Substances,USA,public,
0000874716,IDEXX LABORATORIES INC /DE,IDXX,Nasdaq,2835,In Vitro & In Vivo Diagnostic Substances,USA,public,
0000811641,IMMUCELL CORP /DE/,ICCC,Nasdaq,2835,In Vitro & In Vivo Diagnostic Substances,USA,public,
0001642380,Insight Molecular Diagnostics Inc.,IMDX,Nasdaq,2835,In Vitro & In Vivo Diagnostic Substances,USA,public,
0001652130,"Intellia Therapeutics, Inc.",NTLA,Nasdaq,2835,In Vitro & In Vivo Diagnostic Substances,USA,public,
0001521036,"Lantheus Holdings, Inc.",LNTH,Nasdaq,2835,In Vitro & In Vivo Diagnostic Substances,USA,public,
0000899923,MYRIAD GENETICS INC,MYGN,Nasdaq,2835,In Vitro & In Vivo Diagnostic Substances,USA,public,
0000711377,NEOGEN CORP,NEOG,Nasdaq,2835,In Vitro & In Vivo Diagnostic Substances,USA,public,
0001321834,"Q/C TECHNOLOGIES, INC.",QCLS,Nasdaq,2835,In Vitro & In Vivo Diagnostic Substances,USA,public,
0001906324,QuidelOrtho Corp,QDEL,Nasdaq,2835,In Vitro & In Vivo Diagnostic Substances,,public,
0000888721,TRINITY BIOTECH PLC,TRIB,Nasdaq,2835,In Vitro & In Vivo Diagnostic Substances,USA,public,
0000093314,VOLITIONRX LTD,VNRX,NYSE,2835,In Vitro & In Vivo Diagnostic Substances,USA,public,
0001885827,Virax Biolabs Group Ltd,VRAX,Nasdaq,2835,In Vitro & In Vivo Diagnostic Substances,USA,public,
0000002969,"Air Products & Chemicals, Inc.",APD,NYSE,2810,Industrial Inorganic Chemicals,USA,public,
0001257640,KRONOS WORLDWIDE INC,KRO,NYSE,2810,Industrial Inorganic Chemicals,,public,
0001084554,LIGHTBRIDGE Corp,LTBR,Nasdaq,2810,Industrial Inorganic Chemicals,USA,public,
0001707925,LINDE PLC,LIN,Nasdaq,2810,Industrial Inorganic Chemicals,USA,public,
0000060714,"LSB INDUSTRIES, INC.",LXU,NYSE,2810,Industrial Inorganic Chemicals,USA,public,
0001096056,LUXFER HOLDINGS PLC,LXFR,NYSE,2810,Industrial Inorganic Chemicals,USA,public,
0000891014,MINERALS TECHNOLOGIES INC,MTX,NYSE,2810,Industrial Inorganic Chemicals,USA,public,
0000072162,NL INDUSTRIES INC,NL,NYSE,2810,Industrial Inorganic Chemicals,USA,public,
0001530804,Tronox Holdings plc,TROX,NYSE,2810,Industrial Inorganic Chemicals,USA,public,
0000059255,VALHI INC /DE/,VHI,NYSE,2810,Industrial Inorganic Chemicals,USA,public,
0000738214,"AEMETIS, INC",AMTX,Nasdaq,2860,Industrial Organic Chemicals,USA,public,
0000778164,"Alto Ingredients, Inc.",ALTO,Nasdaq,2860,Industrial Organic Chemicals,USA,public,
0001071438,BRASKEM SA,BAK,NYSE,2860,Industrial Organic Chemicals,,public,
0001780785,CN ENERGY GROUP. INC.,CNEY,Nasdaq,2860,Industrial Organic Chemicals,USA,public,
0001200375,"CODEXIS, INC.",CDXS,Nasdaq,2860,Industrial Organic Chemicals,USA,public,
0001120970,Comstock Inc.,LODE,NYSE,2860,Industrial Organic Chemicals,USA,public,
0001337298,FutureFuel Corp.,FF,NYSE,2860,Industrial Organic Chemicals,USA,public,
0001392380,"Gevo, Inc.",GEVO,Nasdaq,2860,Industrial Organic Chemicals,USA,public,
0001309402,Green Plains Inc.,GPRE,Nasdaq,2860,Industrial Organic Chemicals,USA,public,
0000051253,INTERNATIONAL FLAVORS & FRAGRANCES INC,IFF,NYSE,2860,Industrial Organic Chemicals,USA,public,
0001843724,"LanzaTech Global, Inc.",LNZA,Nasdaq,2860,Industrial Organic Chemicals,USA,public,
0001843724,"LanzaTech Global, Inc.",LNZAW,Nasdaq,2860,Industrial Organic Chemicals,USA,public,
0001489393,LyondellBasell Industries N.V.,LYB,NYSE,2860,Industrial Organic Chemicals,USA,public,
0000886977,METHANEX CORP,MEOH,Nasdaq,2860,Industrial Organic Chemicals,USA,public,
0001282637,NEWMARKET CORP,NEU,NYSE,2860,Industrial Organic Chemicals,USA,public,
0001802457,"Origin Materials, Inc.",ORGN,Nasdaq,2860,Industrial Organic Chemicals,USA,public,
0001802457,"Origin Materials, Inc.",ORGNW,Nasdaq,2860,Industrial Organic Chemicals,USA,public,
0000744187,REX AMERICAN RESOURCES Corp,REX,NYSE,2860,Industrial Organic Chemicals,USA,public,
0000310142,SENSIENT TECHNOLOGIES CORP,SXT,NYSE,2860,Industrial Organic Chemicals,USA,public,
0001588084,TANTECH HOLDINGS LTD,TANH,Nasdaq,2860,Industrial Organic Chemicals,USA,public,
0000314227,"TOMI Environmental Solutions, Inc.",TOMZ,Nasdaq,2860,Industrial Organic Chemicals,USA,public,
0001841425,"Verde Clean Fuels, Inc.",VGAS,Nasdaq,2860,Industrial Organic Chemicals,USA,public,
0001841425,"Verde Clean Fuels, Inc.",VGASW,Nasdaq,2860,Industrial Organic Chemicals,USA,public,
0001262823,WESTLAKE CORP,WLK,NYSE,2860,Industrial Organic Chemicals,USA,public,
0001604665,Westlake Chemical Partners LP,WLKP,NYSE,2860,Industrial Organic Chemicals,USA,public,
0002019793,"XCF Global, Inc.",SAFX,Nasdaq,2860,Industrial Organic Chemicals,USA,public,
0001040470,AEHR TEST SYSTEMS,AEHR,Nasdaq,3825,Instruments For Meas & Testing of  Electricity & Elec Signals,USA,public,
0000046129,ALLIENT INC,ALNT,Nasdaq,3825,Instruments For Meas & Testing of  Electricity & Elec Signals,USA,public,
0000021535,COHU INC,COHU,Nasdaq,3825,Instruments For Meas & Testing of  Electricity & Elec Signals,USA,public,
0000351998,DATA I/O CORP,DAIO,Nasdaq,3825,Instruments For Meas & Testing of  Electricity & Elec Signals,USA,public,
0000039020,FREQUENCY ELECTRONICS INC,FEIM,Nasdaq,3825,Instruments For Meas & Testing of  Electricity & Elec Signals,USA,public,
0001036262,INTEST CORP,INTT,NYSE,3825,Instruments For Meas & Testing of  Electricity & Elec Signals,USA,public,
0000780571,"ITRON, INC.",ITRI,Nasdaq,3825,Instruments For Meas & Testing of  Electricity & Elec Signals,USA,public,
0000097210,"TERADYNE, INC",TER,Nasdaq,3825,Instruments For Meas & Testing of  Electricity & Elec Signals,USA,public,
0000099302,TRANSCAT INC,TRNS,Nasdaq,3825,Instruments For Meas & Testing of  Electricity & Elec Signals,USA,public,
0001967680,Veralto Corp,VLTO,NYSE,3825,Instruments For Meas & Testing of  Electricity & Elec Signals,USA,public,
0001668717,Anheuser-Busch InBev SA/NV,BUD,NYSE,2082,Malt Beverages,USA,public,
0000949870,BOSTON BEER CO INC,SAM,NYSE,2082,Malt Beverages,USA,public,
0000024545,MOLSON COORS BEVERAGE CO,TAP,NYSE,2082,Malt Beverages,USA,public,
0000024545,MOLSON COORS BEVERAGE CO,TAP-A,NYSE,2082,Malt Beverages,USA,public,
0000888746,UNITED BREWERIES CO INC,CCU,NYSE,2082,Malt Beverages,,public,
0000048465,HORMEL FOODS CORP /DE/,HRL,NYSE,2011,Meat Packing Plants,USA,public,
0001791942,JBS N.V.,JBS,NYSE,2011,Meat Packing Plants,USA,public,
0000091388,SMITHFIELD FOODS INC,SFD,Nasdaq,2011,Meat Packing Plants,USA,public,
0001888014,AKANDA CORP.,AKAN,Nasdaq,2833,Medicinal Chemicals & Botanical Products,USA,public,
0001683541,AURORA CANNABIS INC,ACB,Nasdaq,2833,Medicinal Chemicals & Botanical Products,USA,public,
0001816815,Bon Natural Life Ltd,BON,Nasdaq,2833,Medicinal Chemicals & Botanical Products,USA,public,
0001737927,Canopy Growth Corp,CGC,Nasdaq,2833,Medicinal Chemicals & Botanical Products,USA,public,
0001656472,Cronos Group Inc.,CRON,Nasdaq,2833,Medicinal Chemicals & Botanical Products,USA,public,
0001813814,"Definium Therapeutics, Inc.",DFTX,Nasdaq,2833,Medicinal Chemicals & Botanical Products,USA,public,
0001374328,"FITLIFE BRANDS, INC.",FTLF,Nasdaq,2833,Medicinal Chemicals & Botanical Products,USA,public,
0001837254,Functional Brands Inc.,MEHA,Nasdaq,2833,Medicinal Chemicals & Botanical Products,USA,public,
0001792030,IM Cannabis Corp.,IMCC,Nasdaq,2833,Medicinal Chemicals & Botanical Products,USA,public,
0001056358,MANNATECH INC,MTEX,Nasdaq,2833,Medicinal Chemicals & Botanical Products,USA,public,
0001593984,MediWound Ltd.,MDWD,Nasdaq,2833,Medicinal Chemicals & Botanical Products,USA,public,
0000787253,NATURAL ALTERNATIVES INTERNATIONAL INC,NAII,Nasdaq,2833,Medicinal Chemicals & Botanical Products,USA,public,
0001386570,"Niagen Bioscience, Inc.",NAGE,Nasdaq,2833,Medicinal Chemicals & Botanical Products,USA,public,
0001829667,Regencell Bioscience Holdings Ltd,RGC,Nasdaq,2833,Medicinal Chemicals & Botanical Products,USA,public,
0001766600,SNDL Inc.,SNDL,Nasdaq,2833,Medicinal Chemicals & Botanical Products,USA,public,
0001562733,Synergy CHC Corp.,SNYR,Nasdaq,2833,Medicinal Chemicals & Botanical Products,USA,public,
0001731348,"Tilray Brands, Inc.",TLRY,Nasdaq,2833,Medicinal Chemicals & Botanical Products,,public,
0001754195,Trulieve Cannabis Corp.,TRLV,NYSE,2833,Medicinal Chemicals & Botanical Products,USA,public,
0000896264,USANA HEALTH SCIENCES INC,USNA,NYSE,2833,Medicinal Chemicals & Botanical Products,USA,public,
0001819253,biote Corp.,BTMD,Nasdaq,2833,Medicinal Chemicals & Botanical Products,,public,
0000723254,CINTAS CORP,CTAS,Nasdaq,2320,"Men's & Boys' Furnishgs, Work Clothg, & Allied Garments",USA,public,
0001760965,"Kontoor Brands, Inc.",KTB,NYSE,2320,"Men's & Boys' Furnishgs, Work Clothg, & Allied Garments",USA,public,
0000075288,OXFORD INDUSTRIES INC,OXM,NYSE,2320,"Men's & Boys' Furnishgs, Work Clothg, & Allied Garments",USA,public,
0000078239,PVH CORP. /DE/,PVH,NYSE,2320,"Men's & Boys' Furnishgs, Work Clothg, & Allied Garments",USA,public,
0001037038,RALPH LAUREN CORP,RL,NYSE,2320,"Men's & Boys' Furnishgs, Work Clothg, & Allied Garments",USA,public,
0000103379,V F CORP,VFC,NYSE,2320,"Men's & Boys' Furnishgs, Work Clothg, & Allied Garments",USA,public,
0001921865,ASP Isotopes Inc.,ASPI,Nasdaq,2890,Miscellaneous Chemical Products,USA,public,
0001515156,"Arq, Inc.",ARQ,Nasdaq,2890,Miscellaneous Chemical Products,,public,
0000016040,CABOT CORP,CBT,NYSE,2890,Miscellaneous Chemical Products,USA,public,
0001590714,Element Solutions Inc,ESI,NYSE,2890,Miscellaneous Chemical Products,,public,
0001069394,FLEXIBLE SOLUTIONS INTERNATIONAL INC,FSI,NYSE,2890,Miscellaneous Chemical Products,USA,public,
0000928054,FLOTEK INDUSTRIES INC/CN/,FTK,NYSE,2890,Miscellaneous Chemical Products,USA,public,
0001609804,Orion S.A.,OEC,NYSE,2890,Miscellaneous Chemical Products,,public,
0000105132,WD 40 CO,WDFC,Nasdaq,2890,Miscellaneous Chemical Products,USA,public,
0001904501,Zentek Ltd.,ZTEK,Nasdaq,2890,Miscellaneous Chemical Products,USA,public,
0002008007,MaxsMaking Inc.,MAMK,Nasdaq,2390,Miscellaneous Fabricated Textile Products,USA,public,
0001007019,COFFEE HOLDING CO INC,JVA,Nasdaq,2090,Miscellaneous Food Preparations & Kindred Products,USA,public,
0000063754,MCCORMICK & CO INC,MKC,NYSE,2090,Miscellaneous Food Preparations & Kindred Products,USA,public,
0000063754,MCCORMICK & CO INC,MKC-V,NYSE,2090,Miscellaneous Food Preparations & Kindred Products,USA,public,
0000910329,MEDIFAST INC,MED,NYSE,2090,Miscellaneous Food Preparations & Kindred Products,USA,public,
0001978057,Top Wealth Group Holding Ltd,TWG,Nasdaq,2090,Miscellaneous Food Preparations & Kindred Products,USA,public,
0001739566,"Utz Brands, Inc.",UTZ,NYSE,2090,Miscellaneous Food Preparations & Kindred Products,USA,public,
0001325964,"Lightwave Logic, Inc.",LWLG,Nasdaq,3080,Miscellaneous Plastics Products,USA,public,
0000034067,DMC Global Inc.,BOOM,Nasdaq,3390,Miscellaneous Primary Metal Products,USA,public,
0001748797,BRP Inc.,DOO,Nasdaq,3790,Miscellaneous Transportation Equipment,USA,public,
0001952853,Massimo Group,MAMO,Nasdaq,3790,Miscellaneous Transportation Equipment,USA,public,
0000931015,Polaris Inc.,PII,NYSE,3790,Miscellaneous Transportation Equipment,USA,public,
0000730263,THOR INDUSTRIES INC,THO,NYSE,3716,Motor Homes,USA,public,
0000107687,WINNEBAGO INDUSTRIES INC,WGO,NYSE,3716,Motor Homes,USA,public,
0001818644,"AEye, Inc.",LIDR,Nasdaq,3714,Motor Vehicle Parts & Accessories,USA,public,
0001818644,"AEye, Inc.",LIDRW,Nasdaq,3714,Motor Vehicle Parts & Accessories,USA,public,
0001034670,AUTOLIV INC,ALV,NYSE,3714,Motor Vehicle Parts & Accessories,USA,public,
0001670541,Adient plc,ADNT,NYSE,3714,Motor Vehicle Parts & Accessories,USA,public,
0001789029,"Aeva Technologies, Inc.",AEVA,Nasdaq,3714,Motor Vehicle Parts & Accessories,USA,public,
0001411207,Allison Transmission Holdings Inc,ALSN,NYSE,3714,Motor Vehicle Parts & Accessories,USA,public,
0001521332,Aptiv PLC,APTV,NYSE,3714,Motor Vehicle Parts & Accessories,USA,public,
0001921963,Atmus Filtration Technologies Inc.,ATMU,NYSE,3714,Motor Vehicle Parts & Accessories,,public,
0000908255,BORGWARNER INC,BWA,NYSE,3714,Motor Vehicle Parts & Accessories,USA,public,
0002037400,"China Automotive Systems, Inc.",CAAS,Nasdaq,3714,Motor Vehicle Parts & Accessories,USA,public,
0001290900,"Commercial Vehicle Group, Inc.",CVGI,Nasdaq,3714,Motor Vehicle Parts & Accessories,USA,public,
0001320461,Cooper-Standard Holdings Inc.,CPS,NYSE,3714,Motor Vehicle Parts & Accessories,USA,public,
0000026780,DANA Inc,DAN,NYSE,3714,Motor Vehicle Parts & Accessories,USA,public,
0001062231,Dauch Corp,DCH,NYSE,3714,Motor Vehicle Parts & Accessories,USA,public,
0000868780,"Dorman Products, Inc.",DORM,Nasdaq,3714,Motor Vehicle Parts & Accessories,USA,public,
0001563568,"Envirotech Vehicles, Inc.",EVTV,Nasdaq,3714,Motor Vehicle Parts & Accessories,USA,public,
0000355811,GENTEX CORP,GNTX,Nasdaq,3714,Motor Vehicle Parts & Accessories,USA,public,
0001735707,Garrett Motion Inc.,GTX,Nasdaq,3714,Motor Vehicle Parts & Accessories,USA,public,
0000903129,Gentherm Inc,THRM,Nasdaq,3714,Motor Vehicle Parts & Accessories,USA,public,
0001822928,Holley Inc.,HLLY,NYSE,3714,Motor Vehicle Parts & Accessories,USA,public,
0001822928,Holley Inc.,HLLY-WT,NYSE,3714,Motor Vehicle Parts & Accessories,USA,public,
0001835654,Innoviz Technologies Ltd.,INVZ,Nasdaq,3714,Motor Vehicle Parts & Accessories,USA,public,
0001720250,"Kandi Technologies Group, Inc.",KNDI,Nasdaq,3714,Motor Vehicle Parts & Accessories,,public,
0000763744,LCI INDUSTRIES,LCII,NYSE,3714,Motor Vehicle Parts & Accessories,USA,public,
0000842162,LEAR CORP,LEA,NYSE,3714,Motor Vehicle Parts & Accessories,USA,public,
0000749098,MAGNA INTERNATIONAL INC,MGA,NYSE,3714,Motor Vehicle Parts & Accessories,,public,
0000067347,MODINE MANUFACTURING CO,MOD,NYSE,3714,Motor Vehicle Parts & Accessories,USA,public,
0000918251,MOTORCAR PARTS OF AMERICA INC,MPAA,Nasdaq,3714,Motor Vehicle Parts & Accessories,USA,public,
0001993431,Micropolis AI Robotics,MCRP,NYSE,3714,Motor Vehicle Parts & Accessories,USA,public,
0000076605,PATRICK INDUSTRIES INC,PATK,Nasdaq,3714,Motor Vehicle Parts & Accessories,USA,public,
0001968915,PHINIA INC.,PHIN,NYSE,3714,Motor Vehicle Parts & Accessories,USA,public,
0000093389,"STANDARD MOTOR PRODUCTS, INC.",SMP,NYSE,3714,Motor Vehicle Parts & Accessories,USA,public,
0001043337,STONERIDGE INC,SRI,NYSE,3714,Motor Vehicle Parts & Accessories,USA,public,
0000933034,STRATTEC SECURITY CORP,STRT,Nasdaq,3714,Motor Vehicle Parts & Accessories,USA,public,
0001111335,VISTEON CORP,VC,Nasdaq,3714,Motor Vehicle Parts & Accessories,USA,public,
0002078008,Versigent PLC,VGNT,NYSE,3714,Motor Vehicle Parts & Accessories,USA,public,
0001096275,Worksport Ltd,WKSP,Nasdaq,3714,Motor Vehicle Parts & Accessories,USA,public,
0001819493,"Xos, Inc.",XOS,Nasdaq,3714,Motor Vehicle Parts & Accessories,USA,public,
0001819493,"Xos, Inc.",XOSWW,Nasdaq,3714,Motor Vehicle Parts & Accessories,USA,public,
0001786471,Aptera Motors Corp,SEV,Nasdaq,3711,Motor Vehicles & Passenger Car Bodies,USA,public,
0001707919,Cenntro Inc.,CENN,Nasdaq,3711,Motor Vehicles & Passenger Car Bodies,USA,public,
0001957413,Digital Currency X Technology Inc.,DCX,Nasdaq,3711,Motor Vehicles & Passenger Car Bodies,USA,public,
0001805521,FARADAY FUTURE INTELLIGENT ELECTRIC INC.,FFAI,Nasdaq,3711,Motor Vehicles & Passenger Car Bodies,USA,public,
0001805521,FARADAY FUTURE INTELLIGENT ELECTRIC INC.,FFAIW,Nasdaq,3711,Motor Vehicles & Passenger Car Bodies,USA,public,
0000277509,FEDERAL SIGNAL CORP /DE/,FSS,NYSE,3711,Motor Vehicles & Passenger Car Bodies,USA,public,
0000037996,FORD MOTOR CO,F,NYSE,3711,Motor Vehicles & Passenger Car Bodies,USA,public,
0000037996,FORD MOTOR CO,F-PB,NYSE,3711,Motor Vehicles & Passenger Car Bodies,USA,public,
0000037996,FORD MOTOR CO,F-PC,NYSE,3711,Motor Vehicles & Passenger Car Bodies,USA,public,
0000037996,FORD MOTOR CO,F-PD,NYSE,3711,Motor Vehicles & Passenger Car Bodies,USA,public,
0001648416,Ferrari N.V.,RACE,NYSE,3711,Motor Vehicles & Passenger Car Bodies,USA,public,
0001975940,"Fly-E Group, Inc.",FLYE,Nasdaq,3711,Motor Vehicles & Passenger Car Bodies,USA,public,
0001467858,General Motors Co,GM,NYSE,3711,Motor Vehicles & Passenger Car Bodies,,public,
0001886190,Gogoro Inc.,GGR,Nasdaq,3711,Motor Vehicles & Passenger Car Bodies,USA,public,
0001886190,Gogoro Inc.,GGROW,Nasdaq,3711,Motor Vehicles & Passenger Car Bodies,USA,public,
0000715153,HONDA MOTOR CO LTD,HMC,NYSE,3711,Motor Vehicles & Passenger Car Bodies,,public,
0001791706,Li Auto Inc.,LI,Nasdaq,3711,Motor Vehicles & Passenger Car Bodies,USA,public,
0001962746,Lotus Technology Inc.,LOT,Nasdaq,3711,Motor Vehicles & Passenger Car Bodies,USA,public,
0001962746,Lotus Technology Inc.,LOTWW,Nasdaq,3711,Motor Vehicles & Passenger Car Bodies,USA,public,
0001811210,"Lucid Group, Inc.",LCID,Nasdaq,3711,Motor Vehicles & Passenger Car Bodies,USA,public,
0001736541,NIO Inc.,NIO,NYSE,3711,Motor Vehicles & Passenger Car Bodies,USA,public,
0001744781,Niu Technologies,NIU,Nasdaq,3711,Motor Vehicles & Passenger Car Bodies,USA,public,
0000775158,OSHKOSH CORP,OSK,NYSE,3711,Motor Vehicles & Passenger Car Bodies,USA,public,
0000075362,PACCAR INC,PCAR,Nasdaq,3711,Motor Vehicles & Passenger Car Bodies,USA,public,
0001884082,Polestar Automotive Holding UK PLC,PSNY,Nasdaq,3711,Motor Vehicles & Passenger Car Bodies,USA,public,
0001884082,Polestar Automotive Holding UK PLC,PSNYW,Nasdaq,3711,Motor Vehicles & Passenger Car Bodies,USA,public,
0001843588,REE Automotive Ltd.,REE,Nasdaq,3711,Motor Vehicles & Passenger Car Bodies,USA,public,
0001932737,ROBO.AI INC.,AIIO,Nasdaq,3711,Motor Vehicles & Passenger Car Bodies,USA,public,
0001932737,ROBO.AI INC.,AIIOW,Nasdaq,3711,Motor Vehicles & Passenger Car Bodies,USA,public,
0001874178,"Rivian Automotive, Inc. / DE",RIVN,Nasdaq,3711,Motor Vehicles & Passenger Car Bodies,USA,public,
0001605484,Stellantis N.V.,STLA,NYSE,3711,Motor Vehicles & Passenger Car Bodies,USA,public,
0001094517,TOYOTA MOTOR CORP/,TM,NYSE,3711,Motor Vehicles & Passenger Car Bodies,USA,public,
0001318605,"Tesla, Inc.",TSLA,Nasdaq,3711,Motor Vehicles & Passenger Car Bodies,USA,public,
0001913510,VinFast Auto Ltd.,VFS,Nasdaq,3711,Motor Vehicles & Passenger Car Bodies,USA,public,
0001913510,VinFast Auto Ltd.,VFSWW,Nasdaq,3711,Motor Vehicles & Passenger Car Bodies,USA,public,
0001425287,Workhorse Group Inc.,WKHS,Nasdaq,3711,Motor Vehicles & Passenger Car Bodies,USA,public,
0001810997,XPENG INC.,XPEV,NYSE,3711,Motor Vehicles & Passenger Car Bodies,USA,public,
0001806904,EZGO Technologies Ltd.,EZGO,Nasdaq,3751,"Motorcycles, Bicycles & Parts",USA,public,
0001424929,FOX FACTORY HOLDING CORP,FOXF,Nasdaq,3751,"Motorcycles, Bicycles & Parts",USA,public,
0000793952,"HARLEY-DAVIDSON, INC.",HOG,NYSE,3751,"Motorcycles, Bicycles & Parts",USA,public,
0001932072,LOBO TECHNOLOGIES LTD.,LOBO,Nasdaq,3751,"Motorcycles, Bicycles & Parts",,public,
0001898795,"LiveWire Group, Inc.",LVWR,NYSE,3751,"Motorcycles, Bicycles & Parts",USA,public,
0001898795,"LiveWire Group, Inc.",LVWR-WT,NYSE,3751,"Motorcycles, Bicycles & Parts",USA,public,
0001120370,"BROADWIND, INC.",BWEN,Nasdaq,3360,Nonferrous Foundries (Castings),USA,public,
0001945415,HUHUTECH International Group Inc.,HUHU,Nasdaq,3360,Nonferrous Foundries (Castings),USA,public,
0000063296,MATTHEWS INTERNATIONAL CORP,MATW,Nasdaq,3360,Nonferrous Foundries (Castings),USA,public,
0000066382,"MILLERKNOLL, INC.",MLKN,Nasdaq,2520,Office Furniture,USA,public,
0000048287,HNI CORP,HNI,NYSE,2522,Office Furniture (No Wood),USA,public,
0000771999,"DSS, INC.",DSS,NYSE,2650,Paperboard Containers & Boxes,USA,public,
0001408075,GRAPHIC PACKAGING HOLDING CO,GPK,NYSE,2650,Paperboard Containers & Boxes,USA,public,
0000075677,PACKAGING CORP OF AMERICA,PKG,NYSE,2650,Paperboard Containers & Boxes,,public,
0000091767,SONOCO PRODUCTS CO,SON,NYSE,2650,Paperboard Containers & Boxes,USA,public,
0002005951,Smurfit Westrock plc,SW,NYSE,2650,Paperboard Containers & Boxes,USA,public,
0001814963,Intelligent Living Application Group Inc.,ILAG,Nasdaq,2540,"Partitions, Shelvg, Lockers, & of fice & Store Fixtures",USA,public,
0001718500,"Axil Brands, Inc.",AXIL,NYSE,2844,"Perfumes, Cosmetics & Other Toilet Preparations",USA,public,
0001760903,"BONK, INC.",BNKK,Nasdaq,2844,"Perfumes, Cosmetics & Other Toilet Preparations",USA,public,
0000021665,COLGATE PALMOLIVE CO,CL,NYSE,2844,"Perfumes, Cosmetics & Other Toilet Preparations",USA,public,
0001024305,COTY INC.,COTY,NYSE,2844,"Perfumes, Cosmetics & Other Toilet Preparations",,public,
0002020737,"Caring Brands, Inc.",CABR,Nasdaq,2844,"Perfumes, Cosmetics & Other Toilet Preparations",USA,public,
0001096752,EDGEWELL PERSONAL CARE Co,EPC,NYSE,2844,"Perfumes, Cosmetics & Other Toilet Preparations",USA,public,
0001001250,ESTEE LAUDER COMPANIES INC,EL,NYSE,2844,"Perfumes, Cosmetics & Other Toilet Preparations",USA,public,
0002005569,Empro Group Inc.,EMPG,Nasdaq,2844,"Perfumes, Cosmetics & Other Toilet Preparations",USA,public,
0001900304,Haleon plc,HLN,NYSE,2844,"Perfumes, Cosmetics & Other Toilet Preparations",USA,public,
0000822663,INTERPARFUMS INC,IPAR,Nasdaq,2844,"Perfumes, Cosmetics & Other Toilet Preparations",USA,public,
0001944048,Kenvue Inc.,KVUE,NYSE,2844,"Perfumes, Cosmetics & Other Toilet Preparations",USA,public,
0001868726,"OLAPLEX HOLDINGS, INC.",OLPX,Nasdaq,2844,"Perfumes, Cosmetics & Other Toilet Preparations",USA,public,
0001907085,Oddity Tech Ltd,ODD,Nasdaq,2844,"Perfumes, Cosmetics & Other Toilet Preparations",USA,public,
0002046573,Pitanium Ltd,PTNM,Nasdaq,2844,"Perfumes, Cosmetics & Other Toilet Preparations",USA,public,
0000883107,"SOLESENCE, INC.",SLSN,Nasdaq,2844,"Perfumes, Cosmetics & Other Toilet Preparations",USA,public,
0000101295,UNITED GUARDIAN INC,UG,Nasdaq,2844,"Perfumes, Cosmetics & Other Toilet Preparations",USA,public,
0001840199,Waldencast plc,WALD,Nasdaq,2844,"Perfumes, Cosmetics & Other Toilet Preparations",,public,
0001840199,Waldencast plc,WALDW,Nasdaq,2844,"Perfumes, Cosmetics & Other Toilet Preparations",,public,
0001819580,Yatsen Holding Ltd,YSG,NYSE,2844,"Perfumes, Cosmetics & Other Toilet Preparations",USA,public,
0001644903,"cbdMD, Inc.",YCBD,NYSE,2844,"Perfumes, Cosmetics & Other Toilet Preparations",USA,public,
0001600033,"e.l.f. Beauty, Inc.",ELF,NYSE,2844,"Perfumes, Cosmetics & Other Toilet Preparations",USA,public,
0001946563,"60 DEGREES PHARMACEUTICALS, INC.",SXTP,Nasdaq,2834,Pharmaceutical Preparations,USA,public,
0001946563,"60 DEGREES PHARMACEUTICALS, INC.",SXTPW,Nasdaq,2834,Pharmaceutical Preparations,USA,public,
0000001800,ABBOTT LABORATORIES,ABT,NYSE,2834,Pharmaceutical Preparations,USA,public,
0000318306,ABEONA THERAPEUTICS INC.,ABEO,Nasdaq,2834,Pharmaceutical Preparations,USA,public,
0001173313,"ABVC BIOPHARMA, INC.",ABVC,Nasdaq,2834,Pharmaceutical Preparations,USA,public,
0001651625,AC Immune SA,ACIU,Nasdaq,2834,Pharmaceutical Preparations,USA,public,
0001070494,ACADIA PHARMACEUTICALS INC,ACAD,Nasdaq,2834,Pharmaceutical Preparations,USA,public,
0001652935,"ACTUATE THERAPEUTICS, INC.",ACTU,Nasdaq,2834,Pharmaceutical Preparations,USA,public,
0001771910,ADC Therapeutics SA,ADCT,NYSE,2834,Pharmaceutical Preparations,USA,public,
0001513525,"ADIAL PHARMACEUTICALS, INC.",ADIL,Nasdaq,2834,Pharmaceutical Preparations,USA,public,
0001837607,"AEON Biopharma, Inc.",AEON,NYSE,2834,Pharmaceutical Preparations,USA,public,
0001439222,"AGIOS PHARMACEUTICALS, INC.",AGIO,Nasdaq,2834,Pharmaceutical Preparations,USA,public,
0001178670,"ALNYLAM PHARMACEUTICALS, INC.",ALNY,Nasdaq,2834,Pharmaceutical Preparations,,public,
0001131343,ALTERITY THERAPEUTICS LTD,ATHE,Nasdaq,2834,Pharmaceutical Preparations,USA,public,
0001847367,ALUMIS INC.,ALMS,Nasdaq,2834,Pharmaceutical Preparations,USA,public,
0001810182,ALX ONCOLOGY HOLDINGS INC,ALXO,Nasdaq,2834,Pharmaceutical Preparations,USA,public,
0000897448,AMARIN CORP PLCUK,AMRN,Nasdaq,2834,Pharmaceutical Preparations,USA,public,
0001880438,"AN2 Therapeutics, Inc.",ANTX,Nasdaq,2834,Pharmaceutical Preparations,USA,public,
0001370053,"ANAPTYSBIO, INC",ANAB,Nasdaq,2834,Pharmaceutical Preparations,USA,public,
0001023024,ANI PHARMACEUTICALS INC,ANIP,Nasdaq,2834,Pharmaceutical Preparations,USA,public,
0001437402,"ARDELYX, INC.",ARDX,Nasdaq,2834,Pharmaceutical Preparations,USA,public,
0000879407,"ARROWHEAD PHARMACEUTICALS, INC.",ARWR,Nasdaq,2834,Pharmaceutical Preparations,USA,public,
0001671858,"ARS Pharmaceuticals, Inc.",SPRY,Nasdaq,2834,Pharmaceutical Preparations,USA,public,
0001621221,"ARTELO BIOSCIENCES, INC.",ARTL,Nasdaq,2834,Pharmaceutical Preparations,USA,public,
0001655759,"ARVINAS, INC.",ARVN,Nasdaq,2834,Pharmaceutical Preparations,USA,public,
0002023311,ASCENTAGE PHARMA GROUP INTERNATIONAL,AAPG,Nasdaq,2834,Pharmaceutical Preparations,USA,public,
0001426800,"ASSEMBLY BIOSCIENCES, INC.",ASMB,Nasdaq,2834,Pharmaceutical Preparations,USA,public,
0000901832,ASTRAZENECA PLC,AZN,NYSE,2834,Pharmaceutical Preparations,USA,public,
0001488039,"ATOSSA THERAPEUTICS, INC.",ATOS,Nasdaq,2834,Pharmaceutical Preparations,USA,public,
0001385818,"AYTU BIOPHARMA, INC",AYTU,Nasdaq,2834,Pharmaceutical Preparations,USA,public,
0001774857,"Aardvark Therapeutics, Inc.",AARD,Nasdaq,2834,Pharmaceutical Preparations,USA,public,
0001703057,AbCellera Biologics Inc.,ABCL,Nasdaq,2834,Pharmaceutical Preparations,USA,public,
0001551152,AbbVie Inc.,ABBV,NYSE,2834,Pharmaceutical Preparations,USA,public,
0001956827,Abivax S.A.,ABVX,Nasdaq,2834,Pharmaceutical Preparations,USA,public,
0001557746,"Aclaris Therapeutics, Inc.",ACRS,Nasdaq,2834,Pharmaceutical Preparations,USA,public,
0001781174,"Acrivon Therapeutics, Inc.",ACRV,Nasdaq,2834,Pharmaceutical Preparations,,public,
0001388320,"Actinium Pharmaceuticals, Inc.",ATNM,NYSE,2834,Pharmaceutical Preparations,USA,public,
0001736243,"Acurx Pharmaceuticals, Inc.",ACXP,Nasdaq,2834,Pharmaceutical Preparations,USA,public,
0001818838,Adagene Inc.,ADAG,Nasdaq,2834,Pharmaceutical Preparations,USA,public,
0001574232,Addex Therapeutics Ltd.,ADXN,Nasdaq,2834,Pharmaceutical Preparations,USA,public,
0001720580,"Adicet Bio, Inc.",ACET,Nasdaq,2834,Pharmaceutical Preparations,USA,public,
0001726711,"Aditxt, Inc.",ADTX,Nasdaq,2834,Pharmaceutical Preparations,USA,public,
0001944552,Adlai Nortye Ltd.,ANL,Nasdaq,2834,Pharmaceutical Preparations,USA,public,
0001541157,Akari Therapeutics Plc,AKTX,Nasdaq,2834,Pharmaceutical Preparations,USA,public,
0001517022,"Akebia Therapeutics, Inc.",AKBA,Nasdaq,2834,Pharmaceutical Preparations,USA,public,
0002035832,"Aktis Oncology, Inc.",AKTS,Nasdaq,2834,Pharmaceutical Preparations,USA,public,
0001107421,"Alaunos Therapeutics, Inc.",TCRT,Nasdaq,2834,Pharmaceutical Preparations,USA,public,
0001341235,"Aldeyra Therapeutics, Inc.",ALDX,Nasdaq,2834,Pharmaceutical Preparations,USA,public,
0001520262,Alkermes plc.,ALKS,Nasdaq,2834,Pharmaceutical Preparations,,public,
0001860657,"Allarity Therapeutics, Inc.",ALLR,Nasdaq,2834,Pharmaceutical Preparations,USA,public,
0001326190,"Altimmune, Inc.",ALT,Nasdaq,2834,Pharmaceutical Preparations,USA,public,
0001999480,"Alto Neuroscience, Inc.",ANRO,NYSE,2834,Pharmaceutical Preparations,USA,public,
0001677077,"Alzamend Neuro, Inc.",ALZN,Nasdaq,2834,Pharmaceutical Preparations,USA,public,
0001723128,"Amneal Pharmaceuticals, Inc.",AMRX,Nasdaq,2834,Pharmaceutical Preparations,,public,
0001297184,"Amphastar Pharmaceuticals, Inc.",AMPH,Nasdaq,2834,Pharmaceutical Preparations,,public,
0001658551,"Amylyx Pharmaceuticals, Inc.",AMLX,Nasdaq,2834,Pharmaceutical Preparations,USA,public,
0000715446,Anixa Biosciences Inc,ANIX,Nasdaq,2834,Pharmaceutical Preparations,USA,public,
0001528115,"Annexon, Inc.",ANNX,Nasdaq,2834,Pharmaceutical Preparations,USA,public,
0001477845,"Annovis Bio, Inc.",ANVS,NYSE,2834,Pharmaceutical Preparations,USA,public,
0001894525,"Apimeds Pharmaceuticals US, Inc.",APUS,NYSE,2834,Pharmaceutical Preparations,USA,public,
0001944885,Apollomics Inc.,APLM,Nasdaq,2834,Pharmaceutical Preparations,,public,
0001944885,Apollomics Inc.,APLMW,Nasdaq,2834,Pharmaceutical Preparations,,public,
0001781983,"Aprea Therapeutics, Inc.",APRE,Nasdaq,2834,Pharmaceutical Preparations,USA,public,
0001671584,Aptevo Therapeutics Inc.,APVO,Nasdaq,2834,Pharmaceutical Preparations,USA,public,
0001398733,"Aquestive Therapeutics, Inc.",AQST,Nasdaq,2834,Pharmaceutical Preparations,USA,public,
0001447028,Arbutus Biopharma Corp,ABUS,Nasdaq,2834,Pharmaceutical Preparations,USA,public,
0001768224,Arcturus Therapeutics Holdings Inc.,ARCT,Nasdaq,2834,Pharmaceutical Preparations,USA,public,
0001724521,"Arcus Biosciences, Inc.",RCUS,NYSE,2834,Pharmaceutical Preparations,USA,public,
0001787306,"Arcutis Biotherapeutics, Inc.",ARQT,Nasdaq,2834,Pharmaceutical Preparations,USA,public,
0001868279,"ArriVent BioPharma, Inc.",AVBP,Nasdaq,2834,Pharmaceutical Preparations,USA,public,
0001612042,Ascendis Pharma A/S,ASND,Nasdaq,2834,Pharmaceutical Preparations,USA,public,
0001847345,"Aspire Biopharma Holdings, Inc.",ASBP,Nasdaq,2834,Pharmaceutical Preparations,USA,public,
0001847345,"Aspire Biopharma Holdings, Inc.",ASBPW,Nasdaq,2834,Pharmaceutical Preparations,USA,public,
0001808665,"Assertio Holdings, Inc.",ASRT,Nasdaq,2834,Pharmaceutical Preparations,USA,public,
0002081043,AtaiBeckley Inc.,ATAI,Nasdaq,2834,Pharmaceutical Preparations,USA,public,
0001593899,"Atea Pharmaceuticals, Inc.",AVIR,Nasdaq,2834,Pharmaceutical Preparations,USA,public,
0002093101,"Atrium Therapeutics, Inc.",RNA,Nasdaq,2834,Pharmaceutical Preparations,USA,public,
0001600620,Aurinia Pharmaceuticals Inc.,AUPH,Nasdaq,2834,Pharmaceutical Preparations,,public,
0001534120,"Avalo Therapeutics, Inc.",AVTX,Nasdaq,2834,Pharmaceutical Preparations,USA,public,
0001540171,Avalyn Pharma Inc.,AVLN,Nasdaq,2834,Pharmaceutical Preparations,USA,public,
0001579428,"Axsome Therapeutics, Inc.",AXSM,Nasdaq,2834,Pharmaceutical Preparations,USA,public,
0001701478,"Azitra, Inc.",AZTR,NYSE,2834,Pharmaceutical Preparations,USA,public,
0001889109,"BELITE BIO, INC",BLTE,Nasdaq,2834,Pharmaceutical Preparations,USA,public,
0001779578,BGM Group Ltd.,BGM,Nasdaq,2834,Pharmaceutical Preparations,USA,public,
0001761612,BICYCLE THERAPEUTICS PLC,BCYC,Nasdaq,2834,Pharmaceutical Preparations,USA,public,
0001723464,BIOHARVEST SCIENCES INC.,BHST,Nasdaq,2834,Pharmaceutical Preparations,USA,public,
0001048477,BIOMARIN PHARMACEUTICAL INC,BMRN,Nasdaq,2834,Pharmaceutical Preparations,USA,public,
0001580149,BIOVIE INC.,BIVI,Nasdaq,2834,Pharmaceutical Preparations,USA,public,
0001580149,BIOVIE INC.,BIVIW,Nasdaq,2834,Pharmaceutical Preparations,USA,public,
0001827401,BRIGHT MINDS BIOSCIENCES INC.,DRUG,Nasdaq,2834,Pharmaceutical Preparations,USA,public,
0000014272,BRISTOL MYERS SQUIBB CO,BMY,NYSE,2834,Pharmaceutical Preparations,USA,public,
0000014272,BRISTOL MYERS SQUIBB CO,CELG-RI,NYSE,2834,Pharmaceutical Preparations,USA,public,
0001828185,Barinthus Biotherapeutics plc.,BRNS,Nasdaq,2834,Pharmaceutical Preparations,USA,public,
0000885590,Bausch Health Companies Inc.,BHC,NYSE,2834,Pharmaceutical Preparations,USA,public,
0001651308,BeOne Medicines Ltd.,ONC,Nasdaq,2834,Pharmaceutical Preparations,,public,
0001808898,Benitec Biopharma Inc.,BNTC,Nasdaq,2834,Pharmaceutical Preparations,USA,public,
0001677940,BeyondSpring Inc.,BYSI,Nasdaq,2834,Pharmaceutical Preparations,,public,
0002023658,Bicara Therapeutics Inc.,BCAX,Nasdaq,2834,Pharmaceutical Preparations,USA,public,
0001130166,"Bio Green Med Solution, Inc.",BGMS,Nasdaq,2834,Pharmaceutical Preparations,USA,public,
0001709941,"BioAge Labs, Inc.",BIOA,Nasdaq,2834,Pharmaceutical Preparations,USA,public,
0001498403,BioLineRx Ltd.,BLRX,Nasdaq,2834,Pharmaceutical Preparations,USA,public,
0001720893,"BioXcel Therapeutics, Inc.",BTAI,Nasdaq,2834,Pharmaceutical Preparations,USA,public,
0001643918,Biodexa Pharmaceuticals Plc,BDRX,Nasdaq,2834,Pharmaceutical Preparations,USA,public,
0001858685,Biofrontera Inc.,BFRI,Nasdaq,2834,Pharmaceutical Preparations,USA,public,
0001858685,Biofrontera Inc.,BFRIW,Nasdaq,2834,Pharmaceutical Preparations,USA,public,
0001935979,Biohaven Ltd.,BHVN,NYSE,2834,Pharmaceutical Preparations,USA,public,
0001840439,"Biomea Fusion, Inc.",BMEA,Nasdaq,2834,Pharmaceutical Preparations,USA,public,
0001641281,"Bolt Biotherapeutics, Inc.",BOLT,Nasdaq,2834,Pharmaceutical Preparations,USA,public,
0001782303,"Boundless Bio, Inc.",BOLD,Nasdaq,2834,Pharmaceutical Preparations,USA,public,
0001610820,BriaCell Therapeutics Corp.,BCTX,Nasdaq,2834,Pharmaceutical Preparations,USA,public,
0001610820,BriaCell Therapeutics Corp.,BCTXL,Nasdaq,2834,Pharmaceutical Preparations,USA,public,
0001610820,BriaCell Therapeutics Corp.,BCTXZ,Nasdaq,2834,Pharmaceutical Preparations,USA,public,
0001869105,"BridgeBio Oncology Therapeutics, Inc.",BBOT,Nasdaq,2834,Pharmaceutical Preparations,USA,public,
0001743881,"BridgeBio Pharma, Inc.",BBIO,Nasdaq,2834,Pharmaceutical Preparations,USA,public,
0001829247,"BullFrog AI Holdings, Inc.",BFRG,Nasdaq,2834,Pharmaceutical Preparations,USA,public,
0001829247,"BullFrog AI Holdings, Inc.",BFRGW,Nasdaq,2834,Pharmaceutical Preparations,USA,public,
0001133869,"CAPRICOR THERAPEUTICS, INC.",CAPR,Nasdaq,2834,Pharmaceutical Preparations,USA,public,
0001369568,"CATALYST PHARMACEUTICALS, INC.",CPRX,Nasdaq,2834,Pharmaceutical Preparations,USA,public,
0001896212,CDT Equity Inc.,CDT,Nasdaq,2834,Pharmaceutical Preparations,USA,public,
0001896212,CDT Equity Inc.,CDTTW,Nasdaq,2834,Pharmaceutical Preparations,USA,public,
0001106644,"CHINA PHARMA HOLDINGS, INC.",CPHI,NYSE,2834,Pharmaceutical Preparations,USA,public,
0001851484,"CITIUS ONCOLOGY, INC.",CTOR,Nasdaq,2834,Pharmaceutical Preparations,USA,public,
0001729427,"CNS Pharmaceuticals, Inc.",CNSP,Nasdaq,2834,Pharmaceutical Preparations,USA,public,
0001267565,"COLLEGIUM PHARMACEUTICAL, INC",COLL,Nasdaq,2834,Pharmaceutical Preparations,USA,public,
0001816590,COMPASS Pathways plc,CMPS,Nasdaq,2834,Pharmaceutical Preparations,USA,public,
0001088856,CORCEPT THERAPEUTICS INC,CORT,Nasdaq,2834,Pharmaceutical Preparations,USA,public,
0001253689,"CRESCENT BIOPHARMA, INC.",CBIO,Nasdaq,2834,Pharmaceutical Preparations,USA,public,
0001087294,CUMBERLAND PHARMACEUTICALS INC,CPIX,Nasdaq,2834,Pharmaceutical Preparations,USA,public,
0001833141,CYBIN INC.,HELP,Nasdaq,2834,Pharmaceutical Preparations,USA,public,
0001509745,CYPHERPUNK TECHNOLOGIES INC.,CYPH,Nasdaq,2834,Pharmaceutical Preparations,USA,public,
0001061983,CYTOKINETICS INC,CYTK,Nasdaq,2834,Pharmaceutical Preparations,,public,
0001937993,"Cadrenal Therapeutics, Inc.",CVKD,Nasdaq,2834,Pharmaceutical Preparations,USA,public,
0001534133,"CalciMedica, Inc.",CALC,Nasdaq,2834,Pharmaceutical Preparations,USA,public,
0001736730,Camp4 Therapeutics Corp,CAMP,Nasdaq,2834,Pharmaceutical Preparations,USA,public,
0001536196,Can-Fite BioPharma Ltd.,CANF,NYSE,2834,Pharmaceutical Preparations,USA,public,
0001861657,"Canton Strategic Holdings, Inc.",CNTN,Nasdaq,2834,Pharmaceutical Preparations,USA,public,
0001453687,"Cartesian Therapeutics, Inc.",RNAC,Nasdaq,2834,Pharmaceutical Preparations,USA,public,
0001279704,"Cellectar Biosciences, Inc.",CLRB,Nasdaq,2834,Pharmaceutical Preparations,USA,public,
0001752828,Celularity Inc,CELU,Nasdaq,2834,Pharmaceutical Preparations,USA,public,
0001752828,Celularity Inc,CELUW,Nasdaq,2834,Pharmaceutical Preparations,USA,public,
0001847903,Centessa Pharmaceuticals plc,CNTA,Nasdaq,2834,Pharmaceutical Preparations,USA,public,
0001053691,CervoMed Inc.,CRVO,Nasdaq,2834,Pharmaceutical Preparations,USA,public,
0001534248,Chemomab Therapeutics Ltd.,CMMB,Nasdaq,2834,Pharmaceutical Preparations,USA,public,
0001723980,"China SXT Pharmaceuticals, Inc.",SXTC,Nasdaq,2834,Pharmaceutical Preparations,USA,public,
0001862150,Cingulate Inc.,CING,Nasdaq,2834,Pharmaceutical Preparations,USA,public,
0001862150,Cingulate Inc.,CINGW,Nasdaq,2834,Pharmaceutical Preparations,USA,public,
0001506251,"Citius Pharmaceuticals, Inc.",CTXR,Nasdaq,2834,Pharmaceutical Preparations,USA,public,
0001892500,Clearmind Medicine Inc.,CMND,Nasdaq,2834,Pharmaceutical Preparations,USA,public,
0001822791,Clene Inc.,CLNN,Nasdaq,2834,Pharmaceutical Preparations,USA,public,
0001768446,"Climb Bio, Inc.",CLYM,Nasdaq,2834,Pharmaceutical Preparations,USA,public,
0001412486,"Cocrystal Pharma, Inc.",COCP,Nasdaq,2834,Pharmaceutical Preparations,USA,public,
0001622229,"Cogent Biosciences, Inc.",COGT,Nasdaq,2834,Pharmaceutical Preparations,USA,public,
0001835268,Connect Biopharma Holdings Ltd,CNTB,Nasdaq,2834,Pharmaceutical Preparations,USA,public,
0001842952,Context Therapeutics Inc.,CNTX,Nasdaq,2834,Pharmaceutical Preparations,USA,public,
0001855175,"Contineum Therapeutics, Inc.",CTNM,Nasdaq,2834,Pharmaceutical Preparations,USA,public,
0001410098,CorMedix Inc.,CRMD,Nasdaq,2834,Pharmaceutical Preparations,USA,public,
0001595097,"Corbus Pharmaceuticals Holdings, Inc.",CRBP,Nasdaq,2834,Pharmaceutical Preparations,USA,public,
0001626971,"Corvus Pharmaceuticals, Inc.",CRVS,Nasdaq,2834,Pharmaceutical Preparations,USA,public,
0001835022,"Coya Therapeutics, Inc.",COYA,Nasdaq,2834,Pharmaceutical Preparations,USA,public,
0001658247,"Crinetics Pharmaceuticals, Inc.",CRNX,Nasdaq,2834,Pharmaceutical Preparations,USA,public,
0001124524,"Cryoport, Inc.",CYRX,Nasdaq,2834,Pharmaceutical Preparations,USA,public,
0001645460,"Cue Biopharma, Inc.",CUE,Nasdaq,2834,Pharmaceutical Preparations,USA,public,
0002025942,Curanex Pharmaceuticals Inc,CURX,Nasdaq,2834,Pharmaceutical Preparations,USA,public,
0001755237,"Cyclerion Therapeutics, Inc.",CYCN,Nasdaq,2834,Pharmaceutical Preparations,USA,public,
0001873093,CytoMed Therapeutics Ltd,GDTC,Nasdaq,2834,Pharmaceutical Preparations,USA,public,
0001501989,"CytomX Therapeutics, Inc.",CTMX,Nasdaq,2834,Pharmaceutical Preparations,USA,public,
0001135951,DR REDDYS LABORATORIES LTD,RDY,NYSE,2834,Pharmaceutical Preparations,USA,public,
0001800315,"Damora Therapeutics, Inc.",DMRA,Nasdaq,2834,Pharmaceutical Preparations,USA,public,
0001401914,"Dare Bioscience, Inc.",DARE,Nasdaq,2834,Pharmaceutical Preparations,USA,public,
0001615219,Decoy Therapeutics Inc.,DCOY,Nasdaq,2834,Pharmaceutical Preparations,USA,public,
0001853816,"Dermata Therapeutics, Inc.",DRMA,Nasdaq,2834,Pharmaceutical Preparations,USA,public,
0001853816,"Dermata Therapeutics, Inc.",DRMAW,Nasdaq,2834,Pharmaceutical Preparations,USA,public,
0001807120,"Design Therapeutics, Inc.",DSGN,Nasdaq,2834,Pharmaceutical Preparations,USA,public,
0001401040,DiaMedica Therapeutics Inc.,DMAC,Nasdaq,2834,Pharmaceutical Preparations,USA,public,
0001690585,"Dianthus Therapeutics, Inc. /DE/",DNTH,Nasdaq,2834,Pharmaceutical Preparations,USA,public,
0001816736,"Disc Medicine, Inc.",IRON,Nasdaq,2834,Pharmaceutical Preparations,,public,
0001818844,"Dogwood Therapeutics, Inc.",DWTX,Nasdaq,2834,Pharmaceutical Preparations,USA,public,
0001818794,"Dyne Therapeutics, Inc.",DYN,Nasdaq,2834,Pharmaceutical Preparations,USA,public,
0000059478,ELI LILLY & Co,LLY,NYSE,2834,Pharmaceutical Preparations,USA,public,
0001177648,ENANTA PHARMACEUTICALS INC,ENTA,Nasdaq,2834,Pharmaceutical Preparations,,public,
0001581178,EUPRAXIA PHARMACEUTICALS INC.,EPRX,Nasdaq,2834,Pharmaceutical Preparations,USA,public,
0001698530,"EXICURE, INC.",XCUR,Nasdaq,2834,Pharmaceutical Preparations,USA,public,
0001540159,"Edesa Biotech, Inc.",EDSA,Nasdaq,2834,Pharmaceutical Preparations,USA,public,
0001710072,"Edgewise Therapeutics, Inc.",EWTX,Nasdaq,2834,Pharmaceutical Preparations,USA,public,
0001739104,Elanco Animal Health Inc,ELAN,NYSE,2834,Pharmaceutical Preparations,,public,
0001404281,"Eledon Pharmaceuticals, Inc.",ELDN,Nasdaq,2834,Pharmaceutical Preparations,USA,public,
0001601485,"Elicio Therapeutics, Inc.",ELTX,Nasdaq,2834,Pharmaceutical Preparations,USA,public,
0001367644,Emergent BioSolutions Inc.,EBS,NYSE,2834,Pharmaceutical Preparations,USA,public,
0001672619,"Enliven Therapeutics, Inc.",ELVN,Nasdaq,2834,Pharmaceutical Preparations,USA,public,
0001596812,Enlivex Ltd.,ENLV,Nasdaq,2834,Pharmaceutical Preparations,USA,public,
0001716947,"Ensysce Biosciences, Inc.",ENSC,Nasdaq,2834,Pharmaceutical Preparations,USA,public,
0001689375,"Entrada Therapeutics, Inc.",TRDA,Nasdaq,2834,Pharmaceutical Preparations,USA,public,
0000890821,"Enveric Biosciences, Inc.",ENVB,Nasdaq,2834,Pharmaceutical Preparations,USA,public,
0001746466,"Equillium, Inc.",EQ,Nasdaq,2834,Pharmaceutical Preparations,USA,public,
0001761918,"Erasca, Inc.",ERAS,Nasdaq,2834,Pharmaceutical Preparations,USA,public,
0000748592,Ernexa Therapeutics Inc.,ERNA,Nasdaq,2834,Pharmaceutical Preparations,USA,public,
0000748592,Ernexa Therapeutics Inc.,ERNAW,Nasdaq,2834,Pharmaceutical Preparations,USA,public,
0001434868,"Esperion Therapeutics, Inc.",ESPR,Nasdaq,2834,Pharmaceutical Preparations,USA,public,
0001710340,"Eton Pharmaceuticals, Inc.",ETON,Nasdaq,2834,Pharmaceutical Preparations,USA,public,
0001570562,"Evolus, Inc.",EOLS,Nasdaq,2834,Pharmaceutical Preparations,USA,public,
0002044725,"Evommune, Inc.",EVMN,NYSE,2834,Pharmaceutical Preparations,USA,public,
0001412558,Evotec SE,EVO,Nasdaq,2834,Pharmaceutical Preparations,USA,public,
0001069530,"FILANA THERAPEUTICS, INC.",FLNA,Nasdaq,2834,Pharmaceutical Preparations,USA,public,
0001958777,"FibroBiologics, Inc.",FBLG,Nasdaq,2834,Pharmaceutical Preparations,USA,public,
0002091349,"First Tracks Biotherapeutics, Inc.",TRAX,Nasdaq,2834,Pharmaceutical Preparations,USA,public,
0001822462,Foghorn Therapeutics Inc.,FHTX,Nasdaq,2834,Pharmaceutical Preparations,USA,public,
0001419041,"Forte Biosciences, Inc.",FBRX,Nasdaq,2834,Pharmaceutical Preparations,USA,public,
0001429260,"Fortress Biotech, Inc.",FBIO,Nasdaq,2834,Pharmaceutical Preparations,USA,public,
0001429260,"Fortress Biotech, Inc.",FBIOP,Nasdaq,2834,Pharmaceutical Preparations,USA,public,
0001680581,"Fulcrum Therapeutics, Inc.",FULC,Nasdaq,2834,Pharmaceutical Preparations,USA,public,
0001133416,GALECTIN THERAPEUTICS INC,GALT,Nasdaq,2834,Pharmaceutical Preparations,USA,public,
0001231457,GENELUX Corp,GNLX,Nasdaq,2834,Pharmaceutical Preparations,USA,public,
0001434265,GENMAB A/S,GMAB,Nasdaq,2834,Pharmaceutical Preparations,,public,
0000886744,GERON CORP,GERN,Nasdaq,2834,Pharmaceutical Preparations,USA,public,
0001855129,GH Research PLC,GHRS,Nasdaq,2834,Pharmaceutical Preparations,USA,public,
0001824293,"GRI Bio, Inc.",GRI,Nasdaq,2834,Pharmaceutical Preparations,USA,public,
0001131399,GSK plc,GSK,NYSE,2834,Pharmaceutical Preparations,USA,public,
0000109657,"GT Biopharma, Inc.",GTBP,Nasdaq,2834,Pharmaceutical Preparations,USA,public,
0001124105,"GYRE THERAPEUTICS, INC.",GYRE,Nasdaq,2834,Pharmaceutical Preparations,USA,public,
0001819411,"Gain Therapeutics, Inc.",GANX,Nasdaq,2834,Pharmaceutical Preparations,USA,public,
0001595353,Galmed Pharmaceuticals Ltd.,GLMD,Nasdaq,2834,Pharmaceutical Preparations,USA,public,
0001920092,Gelteq Ltd,GELS,Nasdaq,2834,Pharmaceutical Preparations,USA,public,
0002100782,"Generate Biomedicines, Inc.",GENB,Nasdaq,2834,Pharmaceutical Preparations,USA,public,
0001595248,"Genprex, Inc.",GNPX,Nasdaq,2834,Pharmaceutical Preparations,USA,public,
0000832489,"GeoVax Labs, Inc.",GOVX,Nasdaq,2834,Pharmaceutical Preparations,USA,public,
0001728117,"Gossamer Bio, Inc.",GOSS,Nasdaq,2834,Pharmaceutical Preparations,USA,public,
0001444192,"Grace Therapeutics, Inc.",GRCE,Nasdaq,2834,Pharmaceutical Preparations,USA,public,
0001799788,"Greenwich LifeSciences, Inc.",GLSI,Nasdaq,2834,Pharmaceutical Preparations,USA,public,
0001438569,Grifols SA,GRFS,Nasdaq,2834,Pharmaceutical Preparations,,public,
0001360214,"HARROW, INC.",HROW,Nasdaq,2834,Pharmaceutical Preparations,USA,public,
0001828673,HCW Biologics Inc.,HCWB,Nasdaq,2834,Pharmaceutical Preparations,USA,public,
0000818033,"HERON THERAPEUTICS, INC. /DE/",HRTX,Nasdaq,2834,Pharmaceutical Preparations,USA,public,
0001648257,HUTCHMED (China) Ltd,HCM,Nasdaq,2834,Pharmaceutical Preparations,USA,public,
0001682639,"HYPERION DEFI, INC.",HYPD,Nasdaq,2834,Pharmaceutical Preparations,USA,public,
0001802665,"Harmony Biosciences Holdings, Inc.",HRMY,Nasdaq,2834,Pharmaceutical Preparations,USA,public,
0001676725,"IDEAYA Biosciences, Inc.",IDYA,Nasdaq,2834,Pharmaceutical Preparations,USA,public,
0001326205,"IGC Pharma, Inc.",IGC,NYSE,2834,Pharmaceutical Preparations,USA,public,
0001280776,"IMMUNIC, INC.",IMUX,Nasdaq,2834,Pharmaceutical Preparations,USA,public,
0001506184,IMMUTEP Ltd,IMMP,Nasdaq,2834,Pharmaceutical Preparations,USA,public,
0001834105,IMPACT BIOMEDICAL INC.,IBO,NYSE,2834,Pharmaceutical Preparations,USA,public,
0001055726,"INOVIO PHARMACEUTICALS, INC.",INO,Nasdaq,2834,Pharmaceutical Preparations,USA,public,
0001104506,INSMED Inc,INSM,Nasdaq,2834,Pharmaceutical Preparations,USA,public,
0000874015,IONIS PHARMACEUTICALS INC,IONS,Nasdaq,2834,Pharmaceutical Preparations,USA,public,
0001446847,IRONWOOD PHARMACEUTICALS INC,IRWD,Nasdaq,2834,Pharmaceutical Preparations,USA,public,
0001873835,"Immix Biopharma, Inc.",IMMX,Nasdaq,2834,Pharmaceutical Preparations,USA,public,
0001790340,Immuneering Corp,IMRX,Nasdaq,2834,Pharmaceutical Preparations,USA,public,
0001472012,Immunome Inc.,IMNM,Nasdaq,2834,Pharmaceutical Preparations,USA,public,
0001660046,Immuron Ltd,IMRN,Nasdaq,2834,Pharmaceutical Preparations,USA,public,
0000749647,"Imunon, Inc.",IMNN,Nasdaq,2834,Pharmaceutical Preparations,USA,public,
0001728328,InMed Pharmaceuticals Inc.,INM,Nasdaq,2834,Pharmaceutical Preparations,USA,public,
0001873875,Incannex Healthcare Inc.,IXHL,Nasdaq,2834,Pharmaceutical Preparations,USA,public,
0001857044,"Indaptus Therapeutics, Inc.",INDP,Nasdaq,2834,Pharmaceutical Preparations,USA,public,
0001625297,"Indivior Pharmaceuticals, Inc.",INDV,Nasdaq,2834,Pharmaceutical Preparations,USA,public,
0001708688,InflaRx N.V.,IFRX,Nasdaq,2834,Pharmaceutical Preparations,USA,public,
0001080014,"Innoviva, Inc.",INVA,Nasdaq,2834,Pharmaceutical Preparations,USA,public,
0001857030,Intercure Ltd.,INCR,Nasdaq,2834,Pharmaceutical Preparations,USA,public,
0001756594,Inventiva S.A.,IVA,Nasdaq,2834,Pharmaceutical Preparations,USA,public,
0000200406,JOHNSON & JOHNSON,JNJ,NYSE,2834,Pharmaceutical Preparations,USA,public,
0001679628,"JUPITER NEUROSCIENCES, INC.",JUNS,Nasdaq,2834,Pharmaceutical Preparations,USA,public,
0001798749,"Jade Biosciences, Inc.",JBIO,Nasdaq,2834,Pharmaceutical Preparations,USA,public,
0001585608,"Jaguar Health, Inc.",JAGX,Nasdaq,2834,Pharmaceutical Preparations,USA,public,
0001817713,"Janux Therapeutics, Inc.",JANX,Nasdaq,2834,Pharmaceutical Preparations,USA,public,
0001232524,Jazz Pharmaceuticals plc,JAZZ,Nasdaq,2834,Pharmaceutical Preparations,USA,public,
0001867066,Journey Medical Corp,DERM,Nasdaq,2834,Pharmaceutical Preparations,USA,public,
0001954488,Jyong Biotech Ltd.,MENS,Nasdaq,2834,Pharmaceutical Preparations,USA,public,
0001479419,"KALA BIO, Inc.",KALA,Nasdaq,2834,Pharmaceutical Preparations,USA,public,
0001567529,KAMADA LTD,KMDA,Nasdaq,2834,Pharmaceutical Preparations,USA,public,
0001075880,KAZIA THERAPEUTICS LTD,KZIA,Nasdaq,2834,Pharmaceutical Preparations,USA,public,
0001372514,KIORA PHARMACEUTICALS INC,KPRX,Nasdaq,2834,Pharmaceutical Preparations,USA,public,
0000921299,"KYNTRA BIO, INC.",KYNB,Nasdaq,2834,Pharmaceutical Preparations,,public,
0002096997,"Kailera Therapeutics, Inc.",KLRA,Nasdaq,2834,Pharmaceutical Preparations,USA,public,
0001962011,"Kairos Pharma, LTD.",KAPA,NYSE,2834,Pharmaceutical Preparations,USA,public,
0001348911,"KalVista Pharmaceuticals, Inc.",KALV,Nasdaq,2834,Pharmaceutical Preparations,USA,public,
0002123613,"Kardigan, Inc.",KARD,Nasdaq,2834,Pharmaceutical Preparations,USA,public,
0001503802,Karyopharm Therapeutics Inc.,KPTI,Nasdaq,2834,Pharmaceutical Preparations,USA,public,
0001664710,"Keros Therapeutics, Inc.",KROS,Nasdaq,2834,Pharmaceutical Preparations,,public,
0001730430,"Kiniksa Pharmaceuticals International, plc",KNSA,Nasdaq,2834,Pharmaceutical Preparations,,public,
0001703647,"Korro Bio, Inc.",KRRO,Nasdaq,2834,Pharmaceutical Preparations,USA,public,
0001422143,"Kura Oncology, Inc.",KURA,Nasdaq,2834,Pharmaceutical Preparations,USA,public,
0001691082,LB PHARMACEUTICALS INC,LBRX,Nasdaq,2834,Pharmaceutical Preparations,USA,public,
0001062822,"LEXICON PHARMACEUTICALS, INC.",LXRX,Nasdaq,2834,Pharmaceutical Preparations,USA,public,
0001005286,"LIFECORE BIOMEDICAL, INC. \DE\",LFCR,Nasdaq,2834,Pharmaceutical Preparations,USA,public,
0000886163,LIGAND PHARMACEUTICALS INC,LGND,Nasdaq,2834,Pharmaceutical Preparations,USA,public,
0000320017,"LISATA THERAPEUTICS, INC.",LSTA,Nasdaq,2834,Pharmaceutical Preparations,USA,public,
0001335105,"LIXTE BIOTECHNOLOGY HOLDINGS, INC.",LIXT,Nasdaq,2834,Pharmaceutical Preparations,USA,public,
0001421876,Lakefront Biotherapeutics NV,LKFT,Nasdaq,2834,Pharmaceutical Preparations,USA,public,
0002079272,Lakewood-Amedex Biotherapeutics Inc.,LABT,Nasdaq,2834,Pharmaceutical Preparations,USA,public,
0001763950,Lantern Pharma Inc.,LTRN,Nasdaq,2834,Pharmaceutical Preparations,USA,public,
0001374690,"Larimar Therapeutics, Inc.",LRMR,Nasdaq,2834,Pharmaceutical Preparations,USA,public,
0001801198,Legend Biotech Corp,LEGN,Nasdaq,2834,Pharmaceutical Preparations,USA,public,
0001348362,Lexaria Bioscience Corp.,LEXX,Nasdaq,2834,Pharmaceutical Preparations,USA,public,
0000849146,Lifevantage Corp,LFVN,Nasdaq,2834,Pharmaceutical Preparations,,public,
0001535955,Lipocine Inc.,LPCN,Nasdaq,2834,Pharmaceutical Preparations,USA,public,
0001819576,Liquidia Corp,LQDA,Nasdaq,2834,Pharmaceutical Preparations,USA,public,
0001262104,"Lite Strategy, Inc.",LITS,Nasdaq,2834,Pharmaceutical Preparations,USA,public,
0001721484,Longeveron Inc.,LGVN,Nasdaq,2834,Pharmaceutical Preparations,USA,public,
0001527728,Lunai Bioworks Inc.,LNAI,Nasdaq,2834,Pharmaceutical Preparations,USA,public,
0001806952,"Lyell Immunopharma, Inc.",LYEL,Nasdaq,2834,Pharmaceutical Preparations,USA,public,
0001125345,MACROGENICS INC,MGNX,Nasdaq,2834,Pharmaceutical Preparations,USA,public,
0001157601,"MADRIGAL PHARMACEUTICALS, INC.",MDGL,Nasdaq,2834,Pharmaceutical Preparations,USA,public,
0001878313,"MAIA Biotechnology, Inc.",MAIA,NYSE,2834,Pharmaceutical Preparations,USA,public,
0000899460,MANNKIND CORP,MNKD,Nasdaq,2834,Pharmaceutical Preparations,USA,public,
0001823239,"MARAVAI LIFESCIENCES HOLDINGS, INC.",MRVI,Nasdaq,2834,Pharmaceutical Preparations,USA,public,
0001776111,"MBX Biosciences, Inc.",MBX,Nasdaq,2834,Pharmaceutical Preparations,USA,public,
0001226616,MEDICINOVA INC,MNOV,Nasdaq,2834,Pharmaceutical Preparations,USA,public,
0001904286,"MIRA PHARMACEUTICALS, INC.",MIRA,Nasdaq,2834,Pharmaceutical Preparations,USA,public,
0001680048,"MUSTANG BIO, INC.",MBIO,Nasdaq,2834,Pharmaceutical Preparations,USA,public,
0001770069,"MapLight Therapeutics, Inc.",MPLT,Nasdaq,2834,Pharmaceutical Preparations,USA,public,
0001094038,"Marker Therapeutics, Inc.",MRKR,Nasdaq,2834,Pharmaceutical Preparations,USA,public,
0001582554,"Matinas BioPharma Holdings, Inc.",MTNB,NYSE,2834,Pharmaceutical Preparations,USA,public,
0001997296,Medicus Pharma Ltd.,MDCX,Nasdaq,2834,Pharmaceutical Preparations,USA,public,
0001997296,Medicus Pharma Ltd.,MDCXW,Nasdaq,2834,Pharmaceutical Preparations,USA,public,
0000310158,"Merck & Co., Inc.",MRK,NYSE,2834,Pharmaceutical Preparations,USA,public,
0001719714,Mereo BioPharma Group plc,MREO,Nasdaq,2834,Pharmaceutical Preparations,USA,public,
0001638287,MetaVia Inc.,MTVA,Nasdaq,2834,Pharmaceutical Preparations,USA,public,
0001408443,Milestone Pharmaceuticals Inc.,MIST,Nasdaq,2834,Pharmaceutical Preparations,USA,public,
0001715925,MindWalk Holdings Corp.,HYFT,Nasdaq,2834,Pharmaceutical Preparations,USA,public,
0001933414,"Mineralys Therapeutics, Inc.",MLYS,Nasdaq,2834,Pharmaceutical Preparations,USA,public,
0001598646,"Minerva Neurosciences, Inc.",NERV,Nasdaq,2834,Pharmaceutical Preparations,USA,public,
0001759425,"Mirum Pharmaceuticals, Inc.",MIRM,Nasdaq,2834,Pharmaceutical Preparations,USA,public,
0001659617,"Moleculin Biotech, Inc.",MBRX,Nasdaq,2834,Pharmaceutical Preparations,USA,public,
0001645469,Monopar Therapeutics,MNPR,Nasdaq,2834,Pharmaceutical Preparations,USA,public,
0001821586,MoonLake Immunotherapeutics,MLTX,Nasdaq,2834,Pharmaceutical Preparations,USA,public,
0001379006,"NANOVIRICIDES, INC.",NNVC,NYSE,2834,Pharmaceutical Preparations,USA,public,
0000275053,NATURES SUNSHINE PRODUCTS INC,NATR,Nasdaq,2834,Pharmaceutical Preparations,USA,public,
0000906709,NEKTAR THERAPEUTICS,NKTR,Nasdaq,2834,Pharmaceutical Preparations,USA,public,
0001979414,"NEONC TECHNOLOGIES HOLDINGS, INC.",NTHI,Nasdaq,2834,Pharmaceutical Preparations,USA,public,
0001751912,NERVGEN PHARMA CORP.,NGEN,Nasdaq,2834,Pharmaceutical Preparations,USA,public,
0001114448,NOVARTIS AG,NVS,NYSE,2834,Pharmaceutical Preparations,USA,public,
0000353278,NOVO NORDISK A S,NVO,NYSE,2834,Pharmaceutical Preparations,,public,
0001719406,"NRX Pharmaceuticals, Inc.",NRXP,Nasdaq,2834,Pharmaceutical Preparations,USA,public,
0001760854,Nanobiotix S.A.,NBTX,Nasdaq,2834,Pharmaceutical Preparations,USA,public,
0002029039,Nasus Pharma Ltd,NSRX,NYSE,2834,Pharmaceutical Preparations,USA,public,
0001191070,Neuphoria Therapeutics Inc.,NEUP,Nasdaq,2834,Pharmaceutical Preparations,USA,public,
0001875091,NeuroSense Therapeutics Ltd.,NRSN,Nasdaq,2834,Pharmaceutical Preparations,USA,public,
0001875091,NeuroSense Therapeutics Ltd.,NRSNW,Nasdaq,2834,Pharmaceutical Preparations,USA,public,
0001404644,Neurogene Inc.,NGNE,Nasdaq,2834,Pharmaceutical Preparations,,public,
0001936258,NewAmsterdam Pharma Co N.V.,NAMS,Nasdaq,2834,Pharmaceutical Preparations,USA,public,
0001936258,NewAmsterdam Pharma Co N.V.,NAMSW,Nasdaq,2834,Pharmaceutical Preparations,USA,public,
0001783036,NewcelX Ltd.,NCEL,Nasdaq,2834,Pharmaceutical Preparations,USA,public,
0001789192,Nexentis Technologies Inc.,NXTS,Nasdaq,2834,Pharmaceutical Preparations,USA,public,
0001661059,"NextCure, Inc.",NXTC,Nasdaq,2834,Pharmaceutical Preparations,USA,public,
0001787400,"Nkarta, Inc.",NKTX,Nasdaq,2834,Pharmaceutical Preparations,USA,public,
0001778016,NovaBridge Biosciences,NBP,Nasdaq,2834,Pharmaceutical Preparations,USA,public,
0001709626,NuCana plc,NCNA,Nasdaq,2834,Pharmaceutical Preparations,USA,public,
0001549595,"Nurix Therapeutics, Inc.",NRIX,Nasdaq,2834,Pharmaceutical Preparations,USA,public,
0001861560,"Nuvalent, Inc.",NUVL,Nasdaq,2834,Pharmaceutical Preparations,USA,public,
0001811063,Nuvation Bio Inc.,NUVB,NYSE,2834,Pharmaceutical Preparations,USA,public,
0001875558,"Nuvectis Pharma, Inc.",NVCT,Nasdaq,2834,Pharmaceutical Preparations,USA,public,
0001393434,"OCULAR THERAPEUTIX, INC",OCUL,Nasdaq,2834,Pharmaceutical Preparations,USA,public,
0001285819,OMEROS CORP,OMER,Nasdaq,2834,Pharmaceutical Preparations,USA,public,
0001129928,ONCOLYTICS BIOTECH INC,ONCY,Nasdaq,2834,Pharmaceutical Preparations,USA,public,
0000944809,"OPKO HEALTH, INC.",OPK,Nasdaq,2834,Pharmaceutical Preparations,USA,public,
0001174940,ORAGENICS INC,OGEN,NYSE,2834,Pharmaceutical Preparations,USA,public,
0001176309,ORAMED PHARMACEUTICALS INC.,ORMP,Nasdaq,2834,Pharmaceutical Preparations,USA,public,
0001620737,ORGANIGRAM GLOBAL INC.,OGI,Nasdaq,2834,Pharmaceutical Preparations,USA,public,
0001795091,OS Therapies Inc,OSTX,NYSE,2834,Pharmaceutical Preparations,USA,public,
0001953530,Oculis Holding AG,OCS,Nasdaq,2834,Pharmaceutical Preparations,USA,public,
0001953530,Oculis Holding AG,OCSAW,Nasdaq,2834,Pharmaceutical Preparations,USA,public,
0001750284,"Olema Pharmaceuticals, Inc.",OLMA,Nasdaq,2834,Pharmaceutical Preparations,USA,public,
0001637715,"OnKure Therapeutics, Inc.",OKUR,Nasdaq,2834,Pharmaceutical Preparations,USA,public,
0001782107,"Onconetix, Inc.",ONCO,Nasdaq,2834,Pharmaceutical Preparations,USA,public,
0002027329,Optimi Health Corp.,OPTH,Nasdaq,2834,Pharmaceutical Preparations,USA,public,
0001228627,"Opus Genetics, Inc.",IRD,Nasdaq,2834,Pharmaceutical Preparations,USA,public,
0001661181,Organogenesis Holdings Inc.,ORGO,Nasdaq,2834,Pharmaceutical Preparations,USA,public,
0001821825,Organon & Co.,OGN,NYSE,2834,Pharmaceutical Preparations,,public,
0001796280,"Oric Pharmaceuticals, Inc.",ORIC,Nasdaq,2834,Pharmaceutical Preparations,USA,public,
0000907654,"Oruka Therapeutics, Inc.",ORKA,Nasdaq,2834,Pharmaceutical Preparations,USA,public,
0001636651,Ovid Therapeutics Inc.,OVID,Nasdaq,2834,Pharmaceutical Preparations,USA,public,
0000911216,PALATIN TECHNOLOGIES INC,PTN,Nasdaq,2834,Pharmaceutical Preparations,USA,public,
0001583648,"PALVELLA THERAPEUTICS, INC.",PVLA,Nasdaq,2834,Pharmaceutical Preparations,USA,public,
0001472091,PDS Biotechnology Corp,PDSB,Nasdaq,2834,Pharmaceutical Preparations,USA,public,
0001585364,PERRIGO Co plc,PRGO,NYSE,2834,Pharmaceutical Preparations,USA,public,
0000078003,PFIZER INC,PFE,NYSE,2834,Pharmaceutical Preparations,USA,public,
0001069899,PHIBRO ANIMAL HEALTH CORP,PAHC,Nasdaq,2834,Pharmaceutical Preparations,USA,public,
0001746473,"PLIANT THERAPEUTICS, INC.",PLRX,Nasdaq,2834,Pharmaceutical Preparations,USA,public,
0001840563,PMGC Holdings Inc.,ELAB,Nasdaq,2834,Pharmaceutical Preparations,USA,public,
0001699382,"PMV Pharmaceuticals, Inc.",PMVP,Nasdaq,2834,Pharmaceutical Preparations,USA,public,
0001356090,"PRECIGEN, INC.",PGEN,Nasdaq,2834,Pharmaceutical Preparations,USA,public,
0001801834,PRF Technologies Ltd.,PRFX,Nasdaq,2834,Pharmaceutical Preparations,USA,public,
0001559053,PROTHENA CORP PUBLIC LTD CO,PRTA,Nasdaq,2834,Pharmaceutical Preparations,USA,public,
0001985062,PSYENCE BIOMEDICAL LTD.,PBM,Nasdaq,2834,Pharmaceutical Preparations,USA,public,
0001985062,PSYENCE BIOMEDICAL LTD.,PBMWW,Nasdaq,2834,Pharmaceutical Preparations,USA,public,
0001070081,"PTC THERAPEUTICS, INC.",PTCT,Nasdaq,2834,Pharmaceutical Preparations,USA,public,
0001401667,"PUMA BIOTECHNOLOGY, INC.",PBYI,Nasdaq,2834,Pharmaceutical Preparations,USA,public,
0001614744,PURPLE BIOTECH LTD.,PPBT,Nasdaq,2834,Pharmaceutical Preparations,USA,public,
0001396814,"Pacira BioSciences, Inc.",PCRX,Nasdaq,2834,Pharmaceutical Preparations,USA,public,
0001657677,"Parabilis Medicines, Inc.",PBLS,Nasdaq,2834,Pharmaceutical Preparations,USA,public,
0001841330,Pasithea Therapeutics Corp.,KTTA,Nasdaq,2834,Pharmaceutical Preparations,USA,public,
0001841330,Pasithea Therapeutics Corp.,KTTAW,Nasdaq,2834,Pharmaceutical Preparations,USA,public,
0001835597,PepGen Inc.,PEPG,Nasdaq,2834,Pharmaceutical Preparations,USA,public,
0000728387,"Perspective Therapeutics, Inc.",CATX,NYSE,2834,Pharmaceutical Preparations,USA,public,
0001828316,Pharming Group N.V.,PHAR,Nasdaq,2834,Pharmaceutical Preparations,USA,public,
0001830487,Pharvaris N.V.,PHVS,Nasdaq,2834,Pharmaceutical Preparations,USA,public,
0001783183,"Phathom Pharmaceuticals, Inc.",PHAT,Nasdaq,2834,Pharmaceutical Preparations,USA,public,
0001533040,Phio Pharmaceuticals Corp.,PHIO,Nasdaq,2834,Pharmaceutical Preparations,USA,public,
0002075320,"Polaryx Therapeutics, Inc.",PLYX,Nasdaq,2834,Pharmaceutical Preparations,USA,public,
0001689548,"Praxis Precision Medicines, Inc.",PRAX,Nasdaq,2834,Pharmaceutical Preparations,USA,public,
0001678660,Prelude Therapeutics Inc,PRLD,Nasdaq,2834,Pharmaceutical Preparations,USA,public,
0001295947,Prestige Consumer Healthcare Inc.,PBH,NYSE,2834,Pharmaceutical Preparations,,public,
0001374339,ProMIS Neurosciences Inc.,PMN,Nasdaq,2834,Pharmaceutical Preparations,USA,public,
0001612940,ProQR Therapeutics N.V.,PRQR,Nasdaq,2834,Pharmaceutical Preparations,USA,public,
0001533743,"Processa Pharmaceuticals, Inc.",PCSA,Nasdaq,2834,Pharmaceutical Preparations,USA,public,
0001517681,"Propanc Biopharma, Inc.",PPCB,Nasdaq,2834,Pharmaceutical Preparations,USA,public,
0001377121,"Protagonist Therapeutics, Inc",PTGX,Nasdaq,2834,Pharmaceutical Preparations,USA,public,
0001574235,"Pulmatrix, Inc.",PULM,Nasdaq,2834,Pharmaceutical Preparations,USA,public,
0001782223,"Pyxis Oncology, Inc.",PYXS,Nasdaq,2834,Pharmaceutical Preparations,USA,public,
0001661998,Q32 Bio Inc.,QTTB,Nasdaq,2834,Pharmaceutical Preparations,USA,public,
0001771885,Quantum Biopharma Ltd.,QNTM,Nasdaq,2834,Pharmaceutical Preparations,USA,public,
0001874252,Quantum Cyber N.V.,QUCY,Nasdaq,2834,Pharmaceutical Preparations,USA,public,
0001671502,"Quoin Pharmaceuticals, Ltd.",QNRX,Nasdaq,2834,Pharmaceutical Preparations,USA,public,
0000872589,"REGENERON PHARMACEUTICALS, INC.",REGN,Nasdaq,2834,Pharmaceutical Preparations,USA,public,
0001553643,"RELMADA THERAPEUTICS, INC.",RLMD,Nasdaq,2834,Pharmaceutical Preparations,USA,public,
0001810560,"REVELATION BIOSCIENCES, INC.",REVB,Nasdaq,2834,Pharmaceutical Preparations,USA,public,
0001810560,"REVELATION BIOSCIENCES, INC.",REVBW,Nasdaq,2834,Pharmaceutical Preparations,USA,public,
0001649904,"RHYTHM PHARMACEUTICALS, INC.",RYTM,Nasdaq,2834,Pharmaceutical Preparations,USA,public,
0001034842,RIGEL PHARMACEUTICALS INC,RIGL,Nasdaq,2834,Pharmaceutical Preparations,USA,public,
0001281895,"ROCKET PHARMACEUTICALS, INC.",RCKT,Nasdaq,2834,Pharmaceutical Preparations,USA,public,
0001281895,"ROCKET PHARMACEUTICALS, INC.",RCKTW,Nasdaq,2834,Pharmaceutical Preparations,USA,public,
0001041024,"ROCKWELL MEDICAL, INC.",RMTI,Nasdaq,2834,Pharmaceutical Preparations,USA,public,
0001949257,Radiopharm Theranostics Ltd,RADX,Nasdaq,2834,Pharmaceutical Preparations,USA,public,
0001713863,"Rafael Holdings, Inc.",RFL,NYSE,2834,Pharmaceutical Preparations,USA,public,
0001739410,Rallybio Corp,RLYB,Nasdaq,2834,Pharmaceutical Preparations,USA,public,
0001856725,"Rani Therapeutics Holdings, Inc.",RANI,Nasdaq,2834,Pharmaceutical Preparations,USA,public,
0002012593,"Rapport Therapeutics, Inc.",RAPP,Nasdaq,2834,Pharmaceutical Preparations,USA,public,
0001553846,RedHill Biopharma Ltd.,RDHL,Nasdaq,2834,Pharmaceutical Preparations,USA,public,
0001420565,"Rein Therapeutics, Inc.",RNTX,Nasdaq,2834,Pharmaceutical Preparations,,public,
0001574094,"RenovoRx, Inc.",RNXT,Nasdaq,2834,Pharmaceutical Preparations,USA,public,
0001509261,"Rezolute, Inc.",RZLT,Nasdaq,2834,Pharmaceutical Preparations,USA,public,
0001711786,Rocket One Inc.,RKTO,Nasdaq,2834,Pharmaceutical Preparations,USA,public,
0001635088,Roivant Sciences Ltd.,ROIV,Nasdaq,2834,Pharmaceutical Preparations,USA,public,
0001802768,Royalty Pharma plc,RPRX,Nasdaq,2834,Pharmaceutical Preparations,USA,public,
0001178253,SCYNEXIS INC,SCYX,Nasdaq,2834,Pharmaceutical Preparations,,public,
0001390478,"SELLAS Life Sciences Group, Inc.",SLS,Nasdaq,2834,Pharmaceutical Preparations,USA,public,
0001010086,SIGA TECHNOLOGIES INC,SIGA,Nasdaq,2834,Pharmaceutical Preparations,USA,public,
0001084201,SINOVAC BIOTECH LTD,SVA,Nasdaq,2834,Pharmaceutical Preparations,USA,public,
0000812796,"SOLIGENIX, INC.",SNGX,Nasdaq,2834,Pharmaceutical Preparations,USA,public,
0001683553,"SPRUCE BIOSCIENCES, INC.",SPRB,Nasdaq,2834,Pharmaceutical Preparations,USA,public,
0001356576,"SUPERNUS PHARMACEUTICALS, INC.",SUPN,Nasdaq,2834,Pharmaceutical Preparations,USA,public,
0001400118,Sagimet Biosciences Inc.,SGMT,Nasdaq,2834,Pharmaceutical Preparations,USA,public,
0001121404,Sanofi,SNY,Nasdaq,2834,Pharmaceutical Preparations,USA,public,
0000873303,"Sarepta Therapeutics, Inc.",SRPT,Nasdaq,2834,Pharmaceutical Preparations,USA,public,
0001421642,Satellos Bioscience Inc.,MSLE,Nasdaq,2834,Pharmaceutical Preparations,USA,public,
0001160308,Savara Inc,SVRA,Nasdaq,2834,Pharmaceutical Preparations,USA,public,
0001490978,"Schrodinger, Inc.",SDGR,Nasdaq,2834,Pharmaceutical Preparations,USA,public,
0001611746,SciSparc Ltd.,SPRC,Nasdaq,2834,Pharmaceutical Preparations,USA,public,
0001382574,"Scienture Holdings, Inc.",SCNX,Nasdaq,2834,Pharmaceutical Preparations,USA,public,
0002042347,"Seaport Therapeutics, Inc.",SPTX,Nasdaq,2834,Pharmaceutical Preparations,USA,public,
0001829802,"Sensei Biotherapeutics, Inc.",FTH,Nasdaq,2834,Pharmaceutical Preparations,USA,public,
0001829802,"Sensei Biotherapeutics, Inc.",SNSE,Nasdaq,2834,Pharmaceutical Preparations,USA,public,
0001984086,"Septerna, Inc.",SEPN,Nasdaq,2834,Pharmaceutical Preparations,USA,public,
0001609809,"Seres Therapeutics, Inc.",MCRB,Nasdaq,2834,Pharmaceutical Preparations,USA,public,
0001708599,"Serina Therapeutics, Inc.",SER,NYSE,2834,Pharmaceutical Preparations,USA,public,
0001680367,"Shattuck Labs, Inc.",STTK,Nasdaq,2834,Pharmaceutical Preparations,USA,public,
0001757499,"Shuttle Pharmaceuticals Holdings, Inc.",SHPH,Nasdaq,2834,Pharmaceutical Preparations,USA,public,
0001479615,Silence Therapeutics plc,SLN,Nasdaq,2834,Pharmaceutical Preparations,USA,public,
0001514183,"Silo Pharma, Inc.",SILO,Nasdaq,2834,Pharmaceutical Preparations,USA,public,
0002036042,"Sionna Therapeutics, Inc.",SION,Nasdaq,2834,Pharmaceutical Preparations,USA,public,
0001516551,"Skye Bioscience, Inc.",SKYE,Nasdaq,2834,Pharmaceutical Preparations,USA,public,
0001684693,Sol-Gel Technologies Ltd.,SLGL,Nasdaq,2834,Pharmaceutical Preparations,USA,public,
0001701108,"Spero Therapeutics, Inc.",SPRO,Nasdaq,2834,Pharmaceutical Preparations,USA,public,
0001636282,"Spyre Therapeutics, Inc.",SYRE,Nasdaq,2834,Pharmaceutical Preparations,USA,public,
0001389545,Stablecoin Development Corp,SDEV,NYSE,2834,Pharmaceutical Preparations,USA,public,
0001623526,"Stoke Therapeutics, Inc.",STOK,Nasdaq,2834,Pharmaceutical Preparations,USA,public,
0001888886,Structure Therapeutics Inc.,GPCR,Nasdaq,2834,Pharmaceutical Preparations,USA,public,
0001599298,Summit Therapeutics Inc.,SMMT,Nasdaq,2834,Pharmaceutical Preparations,,public,
0001402328,Sunshine Biopharma Inc.,SBFM,Nasdaq,2834,Pharmaceutical Preparations,USA,public,
0001402328,Sunshine Biopharma Inc.,SBFMW,Nasdaq,2834,Pharmaceutical Preparations,USA,public,
0001395937,Syndax Pharmaceuticals Inc,SNDX,Nasdaq,2834,Pharmaceutical Preparations,USA,public,
0001395064,TAKEDA PHARMACEUTICAL CO LTD,TAK,NYSE,2834,Pharmaceutical Preparations,,public,
0001427925,"TALPHERA, INC.",TLPH,Nasdaq,2834,Pharmaceutical Preparations,USA,public,
0000034956,"TENAX THERAPEUTICS, INC.",TENX,Nasdaq,2834,Pharmaceutical Preparations,USA,public,
0000818686,TEVA PHARMACEUTICAL INDUSTRIES LTD,TEVA,NYSE,2834,Pharmaceutical Preparations,USA,public,
0001001316,"TG THERAPEUTICS, INC.",TGTX,Nasdaq,2834,Pharmaceutical Preparations,USA,public,
0001819133,"Tango Therapeutics, Inc.",TNGX,Nasdaq,2834,Pharmaceutical Preparations,USA,public,
0002007191,Telix Pharmaceuticals Ltd,TLX,Nasdaq,2834,Pharmaceutical Preparations,USA,public,
0001971532,"Telomir Pharmaceuticals, Inc.",TELO,Nasdaq,2834,Pharmaceutical Preparations,USA,public,
0001544227,"Tempest Therapeutics, Inc.",TPST,Nasdaq,2834,Pharmaceutical Preparations,USA,public,
0000025743,"TherapeuticsMD, Inc.",TXMD,Nasdaq,2834,Pharmaceutical Preparations,USA,public,
0001583107,"Theravance Biopharma, Inc.",TBPH,Nasdaq,2834,Pharmaceutical Preparations,USA,public,
0000894158,"Theriva Biologics, Inc.",TOVX,NYSE,2834,Pharmaceutical Preparations,USA,public,
0001723069,Tiziana Life Sciences Ltd,TLSA,Nasdaq,2834,Pharmaceutical Preparations,USA,public,
0001430306,Tonix Pharmaceuticals Holding Corp.,TNXP,Nasdaq,2834,Pharmaceutical Preparations,USA,public,
0001829635,"Transcode Therapeutics, Inc.",RNAZ,Nasdaq,2834,Pharmaceutical Preparations,USA,public,
0001438533,"Travere Therapeutics, Inc.",TVTX,Nasdaq,2834,Pharmaceutical Preparations,USA,public,
0001130598,"Traws Pharma, Inc.",TRAW,Nasdaq,2834,Pharmaceutical Preparations,USA,public,
0001563880,"Trevi Therapeutics, Inc.",TRVI,Nasdaq,2834,Pharmaceutical Preparations,USA,public,
0001498382,"TuHURA Biosciences, Inc./NV",HURA,Nasdaq,2834,Pharmaceutical Preparations,USA,public,
0002023016,Turn Therapeutics Inc.,TTRX,Nasdaq,2834,Pharmaceutical Preparations,USA,public,
0001346830,"Tvardi Therapeutics, Inc.",TVRD,Nasdaq,2834,Pharmaceutical Preparations,USA,public,
0001863127,"Tyra Biosciences, Inc.",TYRA,Nasdaq,2834,Pharmaceutical Preparations,USA,public,
0001082554,UNITED THERAPEUTICS Corp,UTHR,Nasdaq,2834,Pharmaceutical Preparations,USA,public,
0001515673,Ultragenyx Pharmaceutical Inc.,RARE,Nasdaq,2834,Pharmaceutical Preparations,USA,public,
0001766140,"Unicycive Therapeutics, Inc.",UNCY,Nasdaq,2834,Pharmaceutical Preparations,USA,public,
0001809616,Universe Pharmaceuticals INC,UPC,Nasdaq,2834,Pharmaceutical Preparations,USA,public,
0002022626,"Upstream Bio, Inc.",UPB,Nasdaq,2834,Pharmaceutical Preparations,USA,public,
0001668243,UroGen Pharma Ltd.,URGN,Nasdaq,2834,Pharmaceutical Preparations,USA,public,
0000875320,VERTEX PHARMACEUTICALS INC / MA,VRTX,Nasdaq,2834,Pharmaceutical Preparations,USA,public,
0000863894,VERU INC.,VERU,Nasdaq,2834,Pharmaceutical Preparations,USA,public,
0001566044,VYNE Therapeutics Inc.,VYNE,Nasdaq,2834,Pharmaceutical Preparations,USA,public,
0001787740,"Valion Bio, Inc.",VBIO,Nasdaq,2834,Pharmaceutical Preparations,USA,public,
0001347178,Vanda Pharmaceuticals Inc.,VNDA,Nasdaq,2834,Pharmaceutical Preparations,USA,public,
0001831828,"Vera Therapeutics, Inc.",VERA,Nasdaq,2834,Pharmaceutical Preparations,USA,public,
0001827635,"Veradermics, Inc",MANE,NYSE,2834,Pharmaceutical Preparations,USA,public,
0001526119,"Verastem, Inc.",VSTM,Nasdaq,2834,Pharmaceutical Preparations,USA,public,
0002079109,Veraxa Biotech Holding AG,VRXA,Nasdaq,2834,Pharmaceutical Preparations,USA,public,
0002079109,Veraxa Biotech Holding AG,VRXAW,Nasdaq,2834,Pharmaceutical Preparations,USA,public,
0001660334,Verrica Pharmaceuticals Inc.,VRCA,Nasdaq,2834,Pharmaceutical Preparations,USA,public,
0001792044,Viatris Inc,VTRS,Nasdaq,2834,Pharmaceutical Preparations,USA,public,
0001607678,"Viking Therapeutics, Inc.",VKTX,Nasdaq,2834,Pharmaceutical Preparations,USA,public,
0001590750,"Viridian Therapeutics, Inc.DE",VRDN,Nasdaq,2834,Pharmaceutical Preparations,USA,public,
0001411685,"Vistagen Therapeutics, Inc.",VTGN,Nasdaq,2834,Pharmaceutical Preparations,USA,public,
0001427570,"Vyome Holdings, Inc",HIND,Nasdaq,2834,Pharmaceutical Preparations,USA,public,
0001631574,Wave Life Sciences Ltd.,WVE,Nasdaq,2834,Pharmaceutical Preparations,USA,public,
0001785530,"Werewolf Therapeutics, Inc.",HOWL,Nasdaq,2834,Pharmaceutical Preparations,USA,public,
0001422142,"Whitehawk Therapeutics, Inc.",WHWK,Nasdaq,2834,Pharmaceutical Preparations,USA,public,
0001626878,XBiotech Inc.,XBIT,Nasdaq,2834,Pharmaceutical Preparations,USA,public,
0000791908,XOMA Royalty Corp,XOMA,Nasdaq,2834,Pharmaceutical Preparations,USA,public,
0000791908,XOMA Royalty Corp,XOMAO,Nasdaq,2834,Pharmaceutical Preparations,USA,public,
0000791908,XOMA Royalty Corp,XOMAP,Nasdaq,2834,Pharmaceutical Preparations,USA,public,
0001729214,XORTX Therapeutics Inc.,XRTX,Nasdaq,2834,Pharmaceutical Preparations,USA,public,
0001023549,XTL BIOPHARMACEUTICALS LTD,XTLB,Nasdaq,2834,Pharmaceutical Preparations,USA,public,
0001326732,Xencor Inc,XNCR,Nasdaq,2834,Pharmaceutical Preparations,USA,public,
0001534525,"Xenetic Biosciences, Inc.",XBIO,Nasdaq,2834,Pharmaceutical Preparations,USA,public,
0001582313,Xenon Pharmaceuticals Inc.,XENE,Nasdaq,2834,Pharmaceutical Preparations,USA,public,
0001867096,"Xeris Biopharma Holdings, Inc.",XERS,Nasdaq,2834,Pharmaceutical Preparations,,public,
0001840233,"Xilio Therapeutics, Inc.",XLO,Nasdaq,2834,Pharmaceutical Preparations,USA,public,
0001434647,"ZEVRA THERAPEUTICS, INC.",ZVRA,Nasdaq,2834,Pharmaceutical Preparations,USA,public,
0001704292,Zai Lab Ltd,ZLAB,Nasdaq,2834,Pharmaceutical Preparations,USA,public,
0001953926,"Zenas BioPharma, Inc.",ZBIO,Nasdaq,2834,Pharmaceutical Preparations,USA,public,
0001725160,"Zentalis Pharmaceuticals, Inc.",ZNTL,Nasdaq,2834,Pharmaceutical Preparations,,public,
0001975641,Zhengye Biotechnology Holding Ltd,ZYBT,Nasdaq,2834,Pharmaceutical Preparations,USA,public,
0001555280,Zoetis Inc.,ZTS,NYSE,2834,Pharmaceutical Preparations,,public,
0001937653,Zymeworks Inc.,ZYME,Nasdaq,2834,Pharmaceutical Preparations,USA,public,
0001420720,"iBio, Inc.",IBIO,Nasdaq,2834,Pharmaceutical Preparations,USA,public,
0001590560,uniQure N.V.,QURE,Nasdaq,2834,Pharmaceutical Preparations,,public,
0001641489,vTv Therapeutics Inc.,VTVT,Nasdaq,2834,Pharmaceutical Preparations,USA,public,
0001306830,Celanese Corp,CE,NYSE,2820,"Plastic Material, Synth Resin/Rubber, Cellulos (No Glass)",USA,public,
0000030554,"EIDP, Inc.",CTA-PB,NYSE,2820,"Plastic Material, Synth Resin/Rubber, Cellulos (No Glass)",USA,public,
0000030554,"EIDP, Inc.",CTA-PA,NYSE,2820,"Plastic Material, Synth Resin/Rubber, Cellulos (No Glass)",USA,public,
0000915913,ALBEMARLE CORP,ALB,NYSE,2821,"Plastic Materials, Synth Resins & Nonvulcan Elastomers",USA,public,
0000915913,ALBEMARLE CORP,ALB-PA,NYSE,2821,"Plastic Materials, Synth Resins & Nonvulcan Elastomers",USA,public,
0001122976,AVIENT CORP,AVNT,NYSE,2821,"Plastic Materials, Synth Resins & Nonvulcan Elastomers",,public,
0001673985,AdvanSix Inc.,ASIX,NYSE,2821,"Plastic Materials, Synth Resins & Nonvulcan Elastomers",USA,public,
0001751788,DOW INC.,DOW,NYSE,2821,"Plastic Materials, Synth Resins & Nonvulcan Elastomers",USA,public,
0001666700,"DuPont de Nemours, Inc.",DD,NYSE,2821,"Plastic Materials, Synth Resins & Nonvulcan Elastomers",USA,public,
0000915389,EASTMAN CHEMICAL CO,EMN,NYSE,2821,"Plastic Materials, Synth Resins & Nonvulcan Elastomers",USA,public,
0000717605,HEXCEL CORP /DE/,HXL,NYSE,2821,"Plastic Materials, Synth Resins & Nonvulcan Elastomers",USA,public,
0001830033,"PureCycle Technologies, Inc.",PCT,Nasdaq,2821,"Plastic Materials, Synth Resins & Nonvulcan Elastomers",USA,public,
0001830033,"PureCycle Technologies, Inc.",PCTTU,Nasdaq,2821,"Plastic Materials, Synth Resins & Nonvulcan Elastomers",USA,public,
0001830033,"PureCycle Technologies, Inc.",PCTTW,Nasdaq,2821,"Plastic Materials, Synth Resins & Nonvulcan Elastomers",USA,public,
0000084748,ROGERS CORP,ROG,NYSE,2821,"Plastic Materials, Synth Resins & Nonvulcan Elastomers",USA,public,
0001604028,"ADVANCED DRAINAGE SYSTEMS, INC.",WMS,NYSE,3086,Plastics Foam Products,USA,public,
0000896622,"APTARGROUP, INC.",ATR,NYSE,3089,"Plastics Products, NEC",USA,public,
0000007431,ARMSTRONG WORLD INDUSTRIES INC,AWI,NYSE,3089,"Plastics Products, NEC",USA,public,
0001026655,CORE MOLDING TECHNOLOGIES INC,CMT,NYSE,3089,"Plastics Products, NEC",USA,public,
0000946936,DESWELL INDUSTRIES INC,DSWL,Nasdaq,3089,"Plastics Products, NEC",,public,
0001101302,ENTEGRIS INC,ENTG,Nasdaq,3089,"Plastics Products, NEC",USA,public,
0001758021,Karat Packaging Inc.,KRT,Nasdaq,3089,"Plastics Products, NEC",USA,public,
0001833197,"Latham Group, Inc.",SWIM,Nasdaq,3089,"Plastics Products, NEC",USA,public,
0000069488,MYERS INDUSTRIES INC,MYE,NYSE,3089,"Plastics Products, NEC",USA,public,
0000814453,NEWELL BRANDS INC.,NWL,Nasdaq,3089,"Plastics Products, NEC",USA,public,
0001923780,Northann Corp.,NCL,NYSE,3089,"Plastics Products, NEC",USA,public,
0001786431,Reynolds Consumer Products Inc.,REYN,Nasdaq,2673,"Plastics, Foil & Coated Paper Bags",USA,public,
0000814676,CPS TECHNOLOGIES CORP/DE/,CPSH,Nasdaq,3260,Pottery & Related Products,USA,public,
0000802481,PILGRIMS PRIDE CORP,PPC,Nasdaq,2015,Poultry Slaughtering and Processing,USA,public,
0000100493,"TYSON FOODS, INC.",TSN,NYSE,2015,Poultry Slaughtering and Processing,USA,public,
0001675149,Alcoa Corp,AA,NYSE,3334,Primary Production of  Aluminum,USA,public,
0000949157,CENTURY ALUMINUM CO,CENX,Nasdaq,3334,Primary Production of  Aluminum,USA,public,
0001831979,Stardust Power Inc.,SDST,Nasdaq,3330,Primary Smelting & Refining of  Nonferrous Metals,USA,public,
0001831979,Stardust Power Inc.,SDSTW,Nasdaq,3330,Primary Smelting & Refining of  Nonferrous Metals,USA,public,
0000101538,UNITED STATES ANTIMONY CORP,UAMY,NYSE,3330,Primary Smelting & Refining of  Nonferrous Metals,USA,public,
0000863436,BENCHMARK ELECTRONICS INC,BHE,NYSE,3672,Printed Circuit Boards,USA,public,
0001030894,CELESTICA INC,CLS,NYSE,3672,Printed Circuit Boards,USA,public,
0000026058,CTS CORP,CTS,NYSE,3672,Printed Circuit Boards,USA,public,
0001024672,ELTEK LTD,ELTK,Nasdaq,3672,Printed Circuit Boards,USA,public,
0000866374,FLEX LTD.,FLEX,Nasdaq,3672,Printed Circuit Boards,USA,public,
0000898293,JABIL INC,JBL,NYSE,3672,Printed Circuit Boards,USA,public,
0000719733,KEY TRONIC CORP,KTCC,Nasdaq,3672,Printed Circuit Boards,USA,public,
0001606757,"Kimball Electronics, Inc.",KE,Nasdaq,3672,Printed Circuit Boards,USA,public,
0001643303,Nano Dimension Ltd.,NNDM,Nasdaq,3672,Printed Circuit Boards,USA,public,
0000785786,PLEXUS CORP,PLXS,Nasdaq,3672,Printed Circuit Boards,USA,public,
0000897723,SANMINA CORP,SANM,Nasdaq,3672,Printed Circuit Boards,USA,public,
0001116942,TTM TECHNOLOGIES INC,TTMI,Nasdaq,3672,Printed Circuit Boards,USA,public,
0000751365,VIRCO MFG CORPORATION,VIRC,Nasdaq,2531,Public Bldg & Related Furniture,USA,public,
0001320854,"FreightCar America, Inc.",RAIL,Nasdaq,3743,Railroad Equipment,USA,public,
0000923120,GREENBRIER COMPANIES INC,GBX,NYSE,3743,Railroad Equipment,USA,public,
0001743905,Rail Vision Ltd.,RVSN,Nasdaq,3743,Railroad Equipment,USA,public,
0001743905,Rail Vision Ltd.,RVSNW,Nasdaq,3743,Railroad Equipment,USA,public,
0000099780,TRINITY INDUSTRIES INC,TRN,NYSE,3743,Railroad Equipment,USA,public,
0000943452,WESTINGHOUSE AIR BRAKE TECHNOLOGIES CORP,WAB,NYSE,3743,Railroad Equipment,USA,public,
0000004281,Howmet Aerospace Inc.,HWM,NYSE,3350,Rolling Drawing & Extruding of  Nonferrous Metals,USA,public,
0000811596,KAISER ALUMINUM CORP,KALU,Nasdaq,3350,Rolling Drawing & Extruding of  Nonferrous Metals,USA,public,
0000089439,MUELLER INDUSTRIES INC,MLI,NYSE,3350,Rolling Drawing & Extruding of  Nonferrous Metals,USA,public,
0001423221,Quanex Building Products CORP,NX,NYSE,3350,Rolling Drawing & Extruding of  Nonferrous Metals,USA,public,
0000850429,TREDEGAR CORP,TG,NYSE,3350,Rolling Drawing & Extruding of  Nonferrous Metals,USA,public,
0000014177,BRIDGFORD FOODS CORP,BRID,Nasdaq,2013,Sausages & Other Prepared Meat Products,USA,public,
0001520358,"Mama's Creations, Inc.",MAMA,Nasdaq,2013,Sausages & Other Prepared Meat Products,USA,public,
0001999860,Wing Yip Food Holdings Group Ltd,WYHG,Nasdaq,2013,Sausages & Other Prepared Meat Products,USA,public,
0001621832,"Aqua Metals, Inc.",AQMS,Nasdaq,3341,Secondary Smelting & Refining of  Nonferrous Metals,USA,public,
0001563411,CONSTELLIUM SE,CSTM,NYSE,3341,Secondary Smelting & Refining of  Nonferrous Metals,,public,
0000002488,ADVANCED MICRO DEVICES INC,AMD,Nasdaq,3674,Semiconductors & Related Devices,USA,public,
0000866291,"ALLEGRO MICROSYSTEMS, INC.",ALGM,Nasdaq,3674,Semiconductors & Related Devices,,public,
0001387467,ALPHA & OMEGA SEMICONDUCTOR Ltd,AOSL,Nasdaq,3674,Semiconductors & Related Devices,,public,
0001280263,AMBARELLA INC,AMBA,Nasdaq,3674,Semiconductors & Related Devices,,public,
0001047127,"AMKOR TECHNOLOGY, INC.",AMKR,Nasdaq,3674,Semiconductors & Related Devices,USA,public,
0000006281,ANALOG DEVICES INC,ADI,Nasdaq,3674,Semiconductors & Related Devices,USA,public,
0000006951,APPLIED MATERIALS INC /DE,AMAT,Nasdaq,3674,Semiconductors & Related Devices,USA,public,
0001158114,"APPLIED OPTOELECTRONICS, INC.",AAOI,Nasdaq,3674,Semiconductors & Related Devices,USA,public,
0001973239,ARM HOLDINGS PLC /UK,ARM,Nasdaq,3674,Semiconductors & Related Devices,USA,public,
0001122411,"ASE Technology Holding Co., Ltd.",ASX,NYSE,3674,Semiconductors & Related Devices,USA,public,
0001051627,AXT INC,AXTI,Nasdaq,3674,Semiconductors & Related Devices,USA,public,
0001828805,"Aeluma, Inc.",ALMU,Nasdaq,3674,Semiconductors & Related Devices,USA,public,
0001500412,"Ambiq Micro, Inc.",AMBQ,NYSE,3674,Semiconductors & Related Devices,USA,public,
0001820721,"Array Technologies, Inc.",ARRY,Nasdaq,3674,Semiconductors & Related Devices,USA,public,
0001667011,"Arteris, Inc.",AIP,Nasdaq,3674,Semiconductors & Related Devices,USA,public,
0001350102,"Ascent Solar Technologies, Inc.",ASTI,Nasdaq,3674,Semiconductors & Related Devices,USA,public,
0001736297,"Astera Labs, Inc.",ALAB,Nasdaq,3674,Semiconductors & Related Devices,USA,public,
0001420520,Atomera Inc,ATOM,Nasdaq,3674,Semiconductors & Related Devices,USA,public,
0001871638,"Blaize Holdings, Inc.",BZAI,Nasdaq,3674,Semiconductors & Related Devices,USA,public,
0001871638,"Blaize Holdings, Inc.",BZAIW,Nasdaq,3674,Semiconductors & Related Devices,USA,public,
0001730168,Broadcom Inc.,AVGO,Nasdaq,3674,Semiconductors & Related Devices,,public,
0001123134,CHIPMOS TECHNOLOGIES INC,IMOS,Nasdaq,3674,Semiconductors & Related Devices,USA,public,
0000772406,"CIRRUS LOGIC, INC.",CRUS,Nasdaq,3674,Semiconductors & Related Devices,USA,public,
0001375877,Canadian Solar Inc.,CSIQ,Nasdaq,3674,Semiconductors & Related Devices,USA,public,
0002021728,Cerebras Systems Inc.,CBRS,Nasdaq,3674,Semiconductors & Related Devices,USA,public,
0001807794,Credo Technology Group Holding Ltd,CRDO,Nasdaq,3674,Semiconductors & Related Devices,USA,public,
0001477641,DAQO NEW ENERGY CORP.,DQ,NYSE,3674,Semiconductors & Related Devices,USA,public,
0000029002,DIODES INC /DEL/,DIOD,Nasdaq,3674,Semiconductors & Related Devices,USA,public,
0001438423,EVERSPIN TECHNOLOGIES INC.,MRAM,Nasdaq,3674,Semiconductors & Related Devices,USA,public,
0001463101,"Enphase Energy, Inc.",ENPH,Nasdaq,3674,Semiconductors & Related Devices,USA,public,
0001274494,"FIRST SOLAR, INC.",FSLR,Nasdaq,3674,Semiconductors & Related Devices,USA,public,
0001039399,FORMFACTOR INC,FORM,Nasdaq,3674,Semiconductors & Related Devices,USA,public,
0001828161,"FTC Solar, Inc.",FTCI,Nasdaq,3674,Semiconductors & Related Devices,USA,public,
0001851961,"GCT Semiconductor Holding, Inc.",GCTS,NYSE,3674,Semiconductors & Related Devices,USA,public,
0001851961,"GCT Semiconductor Holding, Inc.",GCTS-WT,NYSE,3674,Semiconductors & Related Devices,USA,public,
0001709048,GLOBALFOUNDRIES Inc.,GFS,Nasdaq,3674,Semiconductors & Related Devices,USA,public,
0001126741,GSI TECHNOLOGY INC,GSIT,Nasdaq,3674,Semiconductors & Related Devices,USA,public,
0001342338,"Himax Technologies, Inc.",HIMX,Nasdaq,3674,Semiconductors & Related Devices,USA,public,
0001652535,"ICHOR HOLDINGS, LTD.",ICHR,Nasdaq,3674,Semiconductors & Related Devices,USA,public,
0000050863,INTEL CORP,INTC,Nasdaq,3674,Semiconductors & Related Devices,USA,public,
0001111928,IPG PHOTONICS CORP,IPGP,Nasdaq,3674,Semiconductors & Related Devices,USA,public,
0001507957,Ideal Power Inc.,IPWR,Nasdaq,3674,Semiconductors & Related Devices,USA,public,
0001895597,Intchains Group Ltd,ICG,Nasdaq,3674,Semiconductors & Related Devices,USA,public,
0001481513,"JinkoSolar Holding Co., Ltd.",JKS,NYSE,3674,Semiconductors & Related Devices,USA,public,
0000771266,KOPIN CORP,KOPN,Nasdaq,3674,Semiconductors & Related Devices,USA,public,
0000056978,KULICKE & SOFFA INDUSTRIES INC,KLIC,Nasdaq,3674,Semiconductors & Related Devices,USA,public,
0000855658,LATTICE SEMICONDUCTOR CORP,LSCC,Nasdaq,3674,Semiconductors & Related Devices,USA,public,
0000889971,LIGHTPATH TECHNOLOGIES INC,LPTH,Nasdaq,3674,Semiconductors & Related Devices,USA,public,
0001493594,"MACOM Technology Solutions Holdings, Inc.",MTSI,Nasdaq,3674,Semiconductors & Related Devices,USA,public,
0001325702,MAGNACHIP SEMICONDUCTOR Corp,MX,NYSE,3674,Semiconductors & Related Devices,USA,public,
0001288469,"MAXLINEAR, INC",MXL,Nasdaq,3674,Semiconductors & Related Devices,,public,
0000827054,MICROCHIP TECHNOLOGY INC,MCHP,Nasdaq,3674,Semiconductors & Related Devices,USA,public,
0000827054,MICROCHIP TECHNOLOGY INC,MCHPP,Nasdaq,3674,Semiconductors & Related Devices,USA,public,
0000723125,MICRON TECHNOLOGY INC,MU,Nasdaq,3674,Semiconductors & Related Devices,USA,public,
0001855467,"MOBIX LABS, INC",MOBX,Nasdaq,3674,Semiconductors & Related Devices,USA,public,
0001855467,"MOBIX LABS, INC",MOBXW,Nasdaq,3674,Semiconductors & Related Devices,USA,public,
0001280452,MONOLITHIC POWER SYSTEMS INC,MPWR,Nasdaq,3674,Semiconductors & Related Devices,USA,public,
0001835632,"Marvell Technology, Inc.",MRVL,Nasdaq,3674,Semiconductors & Related Devices,USA,public,
0001124796,"NLIGHT, INC.",LASR,Nasdaq,3674,Semiconductors & Related Devices,USA,public,
0000724910,NVE CORP /NEW/,NVEC,Nasdaq,3674,Semiconductors & Related Devices,USA,public,
0001045810,NVIDIA CORP,NVDA,Nasdaq,3674,Semiconductors & Related Devices,USA,public,
0001413447,NXP Semiconductors N.V.,NXPI,Nasdaq,3674,Semiconductors & Related Devices,,public,
0001872302,Nano Labs Ltd,NA,Nasdaq,3674,Semiconductors & Related Devices,USA,public,
0001821769,Navitas Semiconductor Corp,NVTS,Nasdaq,3674,Semiconductors & Related Devices,USA,public,
0001852131,Nextpower Inc.,NXT,Nasdaq,3674,Semiconductors & Related Devices,USA,public,
0001097864,ON SEMICONDUCTOR CORP,ON,Nasdaq,3674,Semiconductors & Related Devices,USA,public,
0001039065,OSI SYSTEMS INC,OSIS,Nasdaq,3674,Semiconductors & Related Devices,USA,public,
0000810136,PHOTRONICS INC,PLAB,Nasdaq,3674,Semiconductors & Related Devices,USA,public,
0001437424,POET TECHNOLOGIES INC.,POET,Nasdaq,3674,Semiconductors & Related Devices,USA,public,
0000833640,POWER INTEGRATIONS INC,POWI,Nasdaq,3674,Semiconductors & Related Devices,USA,public,
0001616533,"Penguin Solutions, Inc.",PENG,Nasdaq,3674,Semiconductors & Related Devices,USA,public,
0000890394,Peraso Inc.,PRSO,Nasdaq,3674,Semiconductors & Related Devices,USA,public,
0000882508,QUICKLOGIC Corp,QUIK,Nasdaq,3674,Semiconductors & Related Devices,USA,public,
0002058873,"Qnity Electronics, Inc.",Q,NYSE,3674,Semiconductors & Related Devices,USA,public,
0001604778,"Qorvo, Inc.",QRVO,Nasdaq,3674,Semiconductors & Related Devices,USA,public,
0000917273,RAMBUS INC,RMBS,Nasdaq,3674,Semiconductors & Related Devices,USA,public,
0001951222,SEALSQ Corp,LAES,Nasdaq,3674,Semiconductors & Related Devices,USA,public,
0000088941,SEMTECH CORP,SMTC,Nasdaq,3674,Semiconductors & Related Devices,USA,public,
0001383395,SEQUANS COMMUNICATIONS,SQNS,NYSE,3674,Semiconductors & Related Devices,USA,public,
0001038074,SILICON LABORATORIES INC.,SLAB,Nasdaq,3674,Semiconductors & Related Devices,USA,public,
0001451809,SITIME Corp,SITM,Nasdaq,3674,Semiconductors & Related Devices,,public,
0000004127,"SKYWORKS SOLUTIONS, INC.",SWKS,Nasdaq,3674,Semiconductors & Related Devices,USA,public,
0001419612,"SOLAREDGE TECHNOLOGIES, INC.",SEDG,Nasdaq,3674,Semiconductors & Related Devices,USA,public,
0000932787,STMicroelectronics N.V.,STM,NYSE,3674,Semiconductors & Related Devices,USA,public,
0000817720,SYNAPTICS Inc,SYNA,Nasdaq,3674,Semiconductors & Related Devices,USA,public,
0001333822,SemiLEDs Corp,LEDS,Nasdaq,3674,Semiconductors & Related Devices,,public,
0001831651,"Shoals Technologies Group, Inc.",SHLS,Nasdaq,3674,Semiconductors & Related Devices,USA,public,
0001329394,Silicon Motion Technology CORP,SIMO,Nasdaq,3674,Semiconductors & Related Devices,USA,public,
0001819974,"SkyWater Technology, Inc",SKYT,Nasdaq,3674,Semiconductors & Related Devices,USA,public,
0001817760,"SmartKem, Inc.",SMTK,Nasdaq,3674,Semiconductors & Related Devices,USA,public,
0001840416,Sono Group N.V.,SSM,Nasdaq,3674,Semiconductors & Related Devices,USA,public,
0001291855,SuperCom Ltd,SPCB,Nasdaq,3674,Semiconductors & Related Devices,USA,public,
0001992243,T1 Energy Inc.,TE,NYSE,3674,Semiconductors & Related Devices,USA,public,
0001992243,T1 Energy Inc.,TE-WT,NYSE,3674,Semiconductors & Related Devices,USA,public,
0001046179,TAIWAN SEMICONDUCTOR MANUFACTURING CO LTD,TSM,NYSE,3674,Semiconductors & Related Devices,,public,
0000097476,TEXAS INSTRUMENTS INC,TXN,Nasdaq,3674,Semiconductors & Related Devices,USA,public,
0001855447,"TIGO ENERGY, INC.",TYGO,Nasdaq,3674,Semiconductors & Related Devices,USA,public,
0000928876,TOWER SEMICONDUCTOR LTD,TSEM,Nasdaq,3674,Semiconductors & Related Devices,USA,public,
0001985273,"TOYO Co., Ltd",TOYO,Nasdaq,3674,Semiconductors & Related Devices,USA,public,
0001033767,UNITED MICROELECTRONICS CORP,UMC,NYSE,3674,Semiconductors & Related Devices,USA,public,
0001275014,"Ultra Clean Holdings, Inc.",UCTT,Nasdaq,3674,Semiconductors & Related Devices,USA,public,
0000912093,VIAVI SOLUTIONS INC.,VIAV,Nasdaq,3674,Semiconductors & Related Devices,USA,public,
0001863006,Valens Semiconductor Ltd.,VLN,NYSE,3674,Semiconductors & Related Devices,USA,public,
0001863006,Valens Semiconductor Ltd.,VLN-WT,NYSE,3674,Semiconductors & Related Devices,USA,public,
0000895419,"WOLFSPEED, INC.",WOLF,NYSE,3674,Semiconductors & Related Devices,USA,public,
0001841925,"indie Semiconductor, Inc.",INDI,Nasdaq,3674,Semiconductors & Related Devices,USA,public,
0000040533,GENERAL DYNAMICS CORP,GD,NYSE,3730,Ship & Boat Building & Repairing,USA,public,
0001501585,"HUNTINGTON INGALLS INDUSTRIES, INC.",HII,NYSE,3730,Ship & Boat Building & Repairing,USA,public,
0001590976,"MALIBU BOATS, INC.",MBUU,Nasdaq,3730,Ship & Boat Building & Repairing,USA,public,
0001638290,"MasterCraft Boat Holdings, Inc.",MCFT,Nasdaq,3730,Ship & Boat Building & Repairing,USA,public,
0002067767,NextBoat Inc.,NXB,NYSE,3730,Ship & Boat Building & Repairing,USA,public,
0001855509,"Twin Vee PowerCats, Co.",VEEE,Nasdaq,3730,Ship & Boat Building & Repairing,,public,
0001813783,Vision Marine Technologies Inc.,VMAR,Nasdaq,3730,Ship & Boat Building & Repairing,USA,public,
0000313927,CHURCH & DWIGHT CO INC /DE/,CHD,NYSE,2840,"Soap, Detergents, Cleang Preparations, Perfumes, Cosmetics",USA,public,
0000031462,ECOLAB INC.,ECL,NYSE,2840,"Soap, Detergents, Cleang Preparations, Perfumes, Cosmetics",USA,public,
0001787803,Meiwu Technology Co Ltd,WNW,Nasdaq,2840,"Soap, Detergents, Cleang Preparations, Perfumes, Cosmetics",USA,public,
0000080424,PROCTER & GAMBLE Co,PG,NYSE,2840,"Soap, Detergents, Cleang Preparations, Perfumes, Cosmetics",USA,public,
0001986247,"Park Ha Biological Technology Co., Ltd.",BYAH,Nasdaq,2840,"Soap, Detergents, Cleang Preparations, Perfumes, Cosmetics",USA,public,
0000094049,STEPAN CO,SCL,NYSE,2840,"Soap, Detergents, Cleang Preparations, Perfumes, Cosmetics",USA,public,
0000217410,UNILEVER PLC,UL,NYSE,2840,"Soap, Detergents, Cleang Preparations, Perfumes, Cosmetics",,public,
0001680062,"ACM Research, Inc.",ACMR,Nasdaq,3559,"Special Industry Machinery, NEC",USA,public,
0000720500,AMTECH SYSTEMS INC,ASYS,Nasdaq,3559,"Special Industry Machinery, NEC",USA,public,
0000937966,ASML HOLDING NV,ASML,Nasdaq,3559,"Special Industry Machinery, NEC",,public,
0001113232,AXCELIS TECHNOLOGIES INC,ACLS,Nasdaq,3559,"Special Industry Machinery, NEC",USA,public,
0000933974,"Azenta, Inc.",AZTA,Nasdaq,3559,"Special Industry Machinery, NEC",USA,public,
0000766792,CVD EQUIPMENT CORP,CVV,Nasdaq,3559,"Special Industry Machinery, NEC",USA,public,
0001828962,"Cricut, Inc.",CRCT,Nasdaq,3559,"Special Industry Machinery, NEC",USA,public,
0001421517,"Energy Recovery, Inc.",ERII,Nasdaq,3559,"Special Industry Machinery, NEC",USA,public,
0000707549,LAM RESEARCH CORP,LRCX,Nasdaq,3559,"Special Industry Machinery, NEC",USA,public,
0000806172,SONO TEK CORP,SOTK,Nasdaq,3559,"Special Industry Machinery, NEC",USA,public,
0000732026,TRIO-TECH INTERNATIONAL,TRT,NYSE,3559,"Special Industry Machinery, NEC",USA,public,
0000103145,VEECO INSTRUMENTS INC,VECO,Nasdaq,3559,"Special Industry Machinery, NEC",USA,public,
0001825079,"Velo3D, Inc.",VELO,Nasdaq,3559,"Special Industry Machinery, NEC",USA,public,
0000021076,CLOROX CO /DE/,CLX,NYSE,2842,"Specialty Cleaning, Polishing and Sanitation Preparations",USA,public,
0001956741,"CleanCore Solutions, Inc.",ZONE,NYSE,2842,"Specialty Cleaning, Polishing and Sanitation Preparations",USA,public,
0001018963,ATI INC,ATI,NYSE,3317,Steel Pipe & Tubes,USA,public,
0001791725,"Huadi International Group Co., Ltd.",HUDI,Nasdaq,3317,Steel Pipe & Tubes,USA,public,
0001984124,Luda Technology Group Ltd,LUD,NYSE,3317,Steel Pipe & Tubes,,public,
0001001385,"NWPX Infrastructure, Inc.",NWPX,Nasdaq,3317,Steel Pipe & Tubes,USA,public,
0000039092,FRIEDMAN INDUSTRIES INC,FRD,Nasdaq,3310,"Steel Works, Blast Furnaces & Rolling & Finishing Mills",USA,public,
0001073404,GERDAU S.A.,GGB,NYSE,3310,"Steel Works, Blast Furnaces & Rolling & Finishing Mills",USA,public,
0000912562,"GIBRALTAR INDUSTRIES, INC.",ROCK,Nasdaq,3310,"Steel Works, Blast Furnaces & Rolling & Finishing Mills",USA,public,
0000764401,INSTEEL INDUSTRIES INC,IIIN,NYSE,3310,"Steel Works, Blast Furnaces & Rolling & Finishing Mills",USA,public,
0001049659,NATIONAL STEEL CO,SID,NYSE,3310,"Steel Works, Blast Furnaces & Rolling & Finishing Mills",USA,public,
0000108516,"WORTHINGTON ENTERPRISES, INC.",WOR,NYSE,3310,"Steel Works, Blast Furnaces & Rolling & Finishing Mills",USA,public,
0001968487,"Worthington Steel, Inc.",WS,NYSE,3310,"Steel Works, Blast Furnaces & Rolling & Finishing Mills",USA,public,
0001860805,Algoma Steel Group Inc.,ASTL,Nasdaq,3312,"Steel Works, Blast Furnaces & Rolling Mills (Coke Ovens)",USA,public,
0001860805,Algoma Steel Group Inc.,ASTLW,Nasdaq,3312,"Steel Works, Blast Furnaces & Rolling Mills (Coke Ovens)",USA,public,
0001243429,ArcelorMittal,MT,NYSE,3312,"Steel Works, Blast Furnaces & Rolling Mills (Coke Ovens)",,public,
0000017843,CARPENTER TECHNOLOGY CORP,CRS,NYSE,3312,"Steel Works, Blast Furnaces & Rolling Mills (Coke Ovens)",USA,public,
0000022444,COMMERCIAL METALS Co,CMC,NYSE,3312,"Steel Works, Blast Furnaces & Rolling Mills (Coke Ovens)",USA,public,
0000887153,"GRUPO SIMEC, S.A.B. de C.V.",SIM,NYSE,3312,"Steel Works, Blast Furnaces & Rolling Mills (Coke Ovens)",,public,
0001598428,Metallus Inc.,MTUS,NYSE,3312,"Steel Works, Blast Furnaces & Rolling Mills (Coke Ovens)",USA,public,
0000073309,NUCOR CORP,NUE,NYSE,3312,"Steel Works, Blast Furnaces & Rolling Mills (Coke Ovens)",USA,public,
0000889132,POSCO HOLDINGS INC.,PKX,NYSE,3312,"Steel Works, Blast Furnaces & Rolling Mills (Coke Ovens)",,public,
0001022671,STEEL DYNAMICS INC,STLD,Nasdaq,3312,"Steel Works, Blast Furnaces & Rolling Mills (Coke Ovens)",USA,public,
0001514705,"SunCoke Energy, Inc.",SXC,NYSE,3312,"Steel Works, Blast Furnaces & Rolling Mills (Coke Ovens)",,public,
0001190723,TENARIS SA,TS,NYSE,3312,"Steel Works, Blast Furnaces & Rolling Mills (Coke Ovens)",,public,
0000899751,TITAN INTERNATIONAL INC,TWI,NYSE,3312,"Steel Works, Blast Furnaces & Rolling Mills (Coke Ovens)",USA,public,
0001342874,Ternium S.A.,TX,NYSE,3312,"Steel Works, Blast Furnaces & Rolling Mills (Coke Ovens)",USA,public,
0000047111,HERSHEY CO,HSY,NYSE,2060,Sugar & Confectionery Products,USA,public,
0001616262,"Rocky Mountain Chocolate Factory, Inc.",RMCF,Nasdaq,2060,Sugar & Confectionery Products,USA,public,
0000880117,SANFILIPPO JOHN B & SON INC,JBSS,Nasdaq,2060,Sugar & Confectionery Products,USA,public,
0000098677,TOOTSIE ROLL INDUSTRIES INC,TR,NYSE,2060,Sugar & Confectionery Products,USA,public,
0000100726,UNIFI INC,UFI,NYSE,2200,Textile Mill Products,USA,public,
0001589526,Blue Bird Corp,BLBD,Nasdaq,3713,Truck & Bus Bodies,,public,
0001584547,GREENPOWER MOTOR Co INC.,GP,Nasdaq,3713,Truck & Bus Bodies,USA,public,
0001759631,Hyliion Holdings Corp.,HYLN,NYSE,3713,Truck & Bus Bodies,USA,public,
0000924822,MILLER INDUSTRIES INC /TN/,MLR,NYSE,3713,Truck & Bus Bodies,USA,public,
0002000366,Scage Future,SCAG,Nasdaq,3713,Truck & Bus Bodies,USA,public,
0002000366,Scage Future,SCAGW,Nasdaq,3713,Truck & Bus Bodies,USA,public,
0000879526,WABASH NATIONAL Corp,WNC,NYSE,3715,Truck Trailers,USA,public,
0001687932,"J.Jill, Inc.",JILL,NYSE,2330,"Women's, Misses':  and Juniors Outerwear",USA,public,
0000010329,BASSETT FURNITURE INDUSTRIES INC,BSET,Nasdaq,2511,"Wood Household Furniture, (No Upholstered)",USA,public,
0000896156,ETHAN ALLEN INTERIORS INC,ETD,NYSE,2511,"Wood Household Furniture, (No Upholstered)",USA,public,
0001941365,"MasterBrand, Inc.",MBC,NYSE,2511,"Wood Household Furniture, (No Upholstered)",USA,public,
